Region Label,Tini_curvature,Tinit-FDrad,FDR_p_Tini-curvature,FDR_p_Tini-FDrad,FDR_p_fit_curvature,FD_p_fit_FDrad,Time within range,Significant flag,Inclusion flag
Precentral_L,24.8434139501039,27.6721129983367,<1.00E-14,<1.00E-14,1.31621819565632e-47,1.52807685190029e-14,1,1,1
Precentral_R,24.4249674895017,28.5551658385578,<1.00E-14,<1.00E-14,3.63762468880906e-47,1.67387664280873e-10,1,1,1
Frontal_Sup_L,29.7143355782897,29.59896970132,<1.00E-14,<1.00E-14,7.47623153062651e-46,1.22832004752746e-11,1,1,1
Frontal_Sup_R,29.1776062905636,29.4389813982422,<1.00E-14,<1.00E-14,2.0636363414713e-44,4.62317414718159e-12,1,1,1
Frontal_Sup_Orb_L,30.5005741047911,27.5693571678443,<1.00E-14,<1.00E-14,8.84832050074172e-15,1.71360251168339e-05,1,1,1
Frontal_Sup_Orb_R,31.255154659675,32.5378265061041,<1.00E-14,<1.00E-14,7.23963934317846e-15,0.0175776416830635,1,1,1
Frontal_Mid_L,27.7989083148998,29.2186224837433,<1.00E-14,<1.00E-14,3.30584723275348e-52,2.46516110297811e-16,1,1,1
Frontal_Mid_R,27.6043599495684,29.3098986927113,<1.00E-14,<1.00E-14,3.28862300429036e-49,9.42298052316588e-14,1,1,1
Frontal_Mid_Orb_L,24.5098911870215,27.4903784824588,,<1.00E-14,0.273985766613576,8.0062338687253e-08,1,0,0
Frontal_Mid_Orb_R,23.8327286834817,33.3934476850703,0.00991477610937907,<1.00E-14,0.91494594846387,1.86511025441693e-10,1,0,0
Frontal_Inf_Oper_L,26.5085012859027,26.5204773290299,<1.00E-14,<1.00E-14,3.79578480860222e-30,4.22738095890467e-11,1,1,1
Frontal_Inf_Oper_R,25.960386604932,26.778943389783,<1.00E-14,<1.00E-14,8.45606921596957e-29,4.5146471749533e-05,1,1,1
Frontal_Inf_Tri_L,21.3195429119244,27.0716874648204,0.000114127772176939,<1.00E-14,1.78889636575028e-30,1.73350827169963e-12,0,1,0
Frontal_Inf_Tri_R,24.4208505046386,27.8046225258754,<1.00E-14,<1.00E-14,7.30671636821444e-32,3.78710407831709e-08,1,1,1
Frontal_Inf_Orb_L,24.4647774185464,26.2575198416204,<1.00E-14,<1.00E-14,1.91966463200619e-31,8.49127497767187e-15,1,1,1
Frontal_Inf_Orb_R,24.4924991454108,28.7545092230149,<1.00E-14,<1.00E-14,7.13168987280161e-33,4.20323076968432e-06,1,1,1
Rolandic_Oper_L,-20.3445731996898,20.4038998339967,0.999811800296658,0.0489232181616969,4.43191141172919e-29,3.04840904005869e-10,0,0,0
Rolandic_Oper_R,17.9624630696477,-5.08420002717189,0.236743456204194,0.998715817487354,2.41855348229613e-24,6.24421795014473e-07,0,0,0
Supp_Motor_Area_L,25.3722243239785,29.3758920102076,<1.00E-14,<1.00E-14,9.73833572347691e-32,6.71925135200562e-07,1,1,1
Supp_Motor_Area_R,26.0686250838403,29.8772052504089,<1.00E-14,<1.00E-14,2.51083818767544e-34,6.36340306763438e-08,1,1,1
Olfactory_L,-10.8883482082734,26.4554349152735,0.999811800296658,<1.00E-14,1.87974242090901e-05,0.00200838547511621,0,0,0
Olfactory_R,27.8312133549109,26.2020874549559,2.65403860504937e-14,<1.00E-14,9.77523030839744e-05,1.77471970297461e-07,1,1,1
Frontal_Sup_Medial_L,29.4449076881018,29.7598603940001,3.17317600766793e-13,<1.00E-14,8.21079668330769e-23,0.000348470176139332,1,1,1
Frontal_Sup_Medial_R,58.1633028195668,28.4879464917587,0.924859926111871,<1.00E-14,7.47022890431438e-22,3.53076653979797e-05,0,0,0
Frontal_Med_Orb_L,28.9348765684292,25.3250033301464,<1.00E-14,<1.00E-14,4.3553624749221e-17,5.27118045914978e-08,1,1,1
Frontal_Med_Orb_R,30.5172333926412,26.1749587352225,<1.00E-14,<1.00E-14,2.04570146726627e-18,8.6467845786742e-08,1,1,1
Rectus_L,31.1501958373871,26.4594464109468,0.280084844115875,<1.00E-14,1.70347863296394e-13,8.27310653529214e-08,1,0,0
Rectus_R,31.5242394383309,26.7153565159245,0.829724505768093,<1.00E-14,4.98516370364611e-08,4.10868775839622e-09,1,0,0
Insula_L,20.3512150185057,26.4020875256097,3.55032599615145e-05,0.139307055857661,3.55412739439724e-27,0.0109907943582375,0,0,0
Insula_R,18.102511675524,38.2576665215437,0.102276823126553,<1.00E-14,2.5422211382207e-28,0.91798835771599,0,0,0
Cingulum_Ant_L,81.4044701648416,25.8275785291175,0.999811800296658,<1.00E-14,1.94042243863219e-08,5.70351748131101e-11,0,0,0
Cingulum_Ant_R,24.5204110501534,27.0383204204823,<1.00E-14,<1.00E-14,0.111973653051817,2.46074659749171e-06,1,0,0
Cingulum_Mid_L,22.0746884744645,22.8767701270459,6.80419160112926e-05,1.03088552187412e-12,1.27697061297693e-10,1.98889977495889e-06,0,1,0
Cingulum_Mid_R,25.4115751858843,21.6331607057303,<1.00E-14,0.0512542059938953,0.0399017663778603,9.47649192759508e-06,0,0,0
Cingulum_Post_L,-1.50353438550264,22.7041225478986,0.999811800296658,1.39091252801141e-10,4.64558907832381e-05,2.94608460848996e-11,0,0,0
Cingulum_Post_R,23.4804097697637,19.3581624187862,<1.00E-14,0.153353352515829,0.00672525940274981,5.94081768245314e-08,0,0,0
ParaHippocampal_L,27.1380106824684,26.5475222575682,<1.00E-14,<1.00E-14,8.02328847995461e-13,0.000142311926730409,1,1,1
ParaHippocampal_R,27.9044790784218,28.1584965193252,2.84883228118815e-12,<1.00E-14,0.00176070646569692,0.0716543262324706,1,0,0
Calcarine_L,27.33207677838,24.3224566935815,<1.00E-14,<1.00E-14,1.31839032296954e-18,4.01449307576887e-20,1,1,1
Calcarine_R,26.0451983457934,25.4214185564531,<1.00E-14,<1.00E-14,6.29849425731949e-23,6.22679714905826e-20,1,1,1
Cuneus_L,24.9861321886636,25.6960243407697,<1.00E-14,<1.00E-14,1.15049451960453e-32,1.60979058390016e-25,1,1,1
Cuneus_R,29.3492515830195,26.4599509879554,4.22315389108229e-05,<1.00E-14,3.52790791635409e-24,7.3535603841233e-22,1,1,1
Lingual_L,29.972854672587,24.3673668448065,<1.00E-14,<1.00E-14,1.75153624963635e-22,8.48339782980752e-22,1,1,1
Lingual_R,29.3012537356415,27.3610904949644,<1.00E-14,<1.00E-14,5.4103724311856e-26,7.13414977526272e-14,1,1,1
Occipital_Sup_L,27.2758001839388,26.1936019365847,<1.00E-14,<1.00E-14,1.54475681588734e-42,1.04670414430177e-28,1,1,1
Occipital_Sup_R,27.6157270610675,27.9404407103507,<1.00E-14,<1.00E-14,8.73739975749142e-44,2.83066867171341e-26,1,1,1
Occipital_Mid_L,28.26747263618,26.8230408896707,<1.00E-14,<1.00E-14,2.25100137780012e-50,3.51869670298585e-25,1,1,1
Occipital_Mid_R,28.9164598270938,28.7707847273811,<1.00E-14,<1.00E-14,1.52652414983951e-51,7.86285301104047e-24,1,1,1
Occipital_Inf_L,28.8403861793,29.5995647309746,<1.00E-14,<1.00E-14,3.79276259624969e-38,2.13347569288182e-22,1,1,1
Occipital_Inf_R,28.7513516220955,29.6300598627369,<1.00E-14,<1.00E-14,1.60938291927701e-45,1.12779847662472e-19,1,1,1
Fusiform_L,28.1662339896927,29.4138313541428,<1.00E-14,<1.00E-14,5.88117440970986e-38,1.41742195665014e-10,1,1,1
Fusiform_R,28.1277318400782,33.2076195280397,<1.00E-14,<1.00E-14,2.94376703113673e-38,5.20486981911877e-05,1,1,1
Postcentral_L,23.6344720334235,26.8589537878746,<1.00E-14,<1.00E-14,4.10591739986165e-42,2.64944562643768e-16,1,1,1
Postcentral_R,23.3801140891033,27.1605953369045,<1.00E-14,<1.00E-14,9.57777464265242e-40,1.73350827169963e-12,1,1,1
Parietal_Sup_L,27.9024046921605,28.5105817796941,<1.00E-14,<1.00E-14,5.25022196984977e-51,2.29216948309725e-31,1,1,1
Parietal_Sup_R,28.3596492935111,29.1268250947112,<1.00E-14,<1.00E-14,4.72323757596314e-50,6.29645894050691e-27,1,1,1
Parietal_Inf_L,26.8935456385801,25.6405678751692,<1.00E-14,<1.00E-14,1.38984859630885e-51,4.53607374604501e-19,1,1,1
Parietal_Inf_R,27.5115202213709,27.2590836097441,<1.00E-14,<1.00E-14,1.38984859630885e-51,2.76492976701092e-20,1,1,1
SupraMarginal_L,25.7220455982077,1.15862548751746,<1.00E-14,0.998715817487354,3.42624788198817e-32,1.08271766737586e-16,0,0,0
SupraMarginal_R,21.5219549760502,25.5466099903732,1.45182949603158e-07,<1.00E-14,2.5097093591415e-37,6.59847000075788e-14,0,1,0
Angular_L,26.9684431451229,26.4221095655476,<1.00E-14,<1.00E-14,8.21680826052488e-44,4.20267905108864e-25,1,1,1
Angular_R,27.1610446507035,27.4152763092754,<1.00E-14,<1.00E-14,8.32952248937703e-52,4.01449307576887e-20,1,1,1
Precuneus_L,27.6374523590309,26.8424522774706,<1.00E-14,<1.00E-14,3.87267249123762e-48,5.31360276711082e-29,1,1,1
Precuneus_R,26.5727774370475,27.1296936206738,<1.00E-14,<1.00E-14,1.23227928929951e-52,7.05622080372882e-23,1,1,1
Paracentral_Lobule_L,24.9930791456695,27.1237774691853,<1.00E-14,<1.00E-14,8.45606921596957e-29,3.69530526825012e-10,1,1,1
Paracentral_Lobule_R,25.2751438730175,29.1785484531935,<1.00E-14,<1.00E-14,4.77986528002231e-39,8.78103832245834e-09,1,1,1
Heschl_L,-2.72625553796035,22.5121975973793,0.999811800296658,8.74611861769768e-05,5.37370330943518e-16,1.23807510349986e-12,0,0,0
Heschl_R,25.1944663434115,-33.5812650931287,<1.00E-14,0.998715817487354,1.38725040527745e-08,9.27141402632934e-05,0,0,0
Temporal_Sup_L,21.632404351322,24.513637158486,1.00895919971357e-11,<1.00E-14,1.12084318899931e-37,6.91839287965593e-25,0,1,0
Temporal_Sup_R,24.6465410044287,25.0553186141288,<1.00E-14,<1.00E-14,1.08421499699214e-22,1.15802858979743e-13,1,1,1
Temporal_Pole_Sup_L,22.2565184117322,26.1384110259438,2.4328935100037e-10,1.17161182716325e-14,2.37221892200925e-25,8.65784687979743e-09,0,1,0
Temporal_Pole_Sup_R,21.437404528057,33.3234561872366,0.000599625959227446,<1.00E-14,3.55412739439724e-27,9.51105060454559e-09,0,1,0
Temporal_Mid_L,27.669392343402,26.5254904454299,<1.00E-14,<1.00E-14,1.10939132790074e-51,6.36983745767351e-20,1,1,1
Temporal_Mid_R,26.4548248472767,27.6000242929154,<1.00E-14,<1.00E-14,1.47765780965487e-56,4.26238870244505e-15,1,1,1
Temporal_Pole_Mid_L,34.6993724577743,33.3265936606647,<1.00E-14,<1.00E-14,0.0148132904878385,8.80501210897768e-09,1,1,1
Temporal_Pole_Mid_R,-791683.712751296,34.6925759974023,,<1.00E-14,,3.98827128795895e-11,0,0,0
Temporal_Inf_L,29.7209898325554,29.8562148909291,<1.00E-14,<1.00E-14,1.36130020066997e-44,5.38611732802173e-15,1,1,1
Temporal_Inf_R,30.0306969512836,30.5830667156539,<1.00E-14,<1.00E-14,2.95658902096828e-32,3.06972142097276e-09,1,1,1
