Cortical Curvature,,,,,,,,,,,,,,,,,,,,,,,,,,,,,,,,,,,,,,,,,,,,,,,,,,,,,,,,,,,,,,,,,,,,,,,,,,,,,,
GA,Precentral.left,Precentral.right,Frontal_Sup.left,Frontal_Sup.right,Frontal_Sup_Orb.left,Frontal_Sup_Orb.right,Frontal_Mid.left,Frontal_Mid.right,Frontal_Mid_Orb.left,Frontal_Mid_Orb.right,Frontal_Inf_Oper.left,Frontal_Inf_Oper.right,Frontal_Inf_Tri.left,Frontal_Inf_Tri.right,Frontal_Inf_Orb.left,Frontal_Inf_Orb.right,Rolandic_Oper.left,Rolandic_Oper.right,Supp_Motor_Area.left,Supp_Motor_Area.right,Olfactory.left,Olfactory.right,Frontal_Sup_Medial.left,Frontal_Sup_Medial.right,Frontal_Med_Orb.left,Frontal_Med_Orb.right,Rectus.left,Rectus.right,Insula.left,Insula.right,Cingulum_Ant.left,Cingulum_Ant.right,Cingulum_Mid.left,Cingulum_Mid.right,Cingulum_Post.left,Cingulum_Post.right,ParaHippocampal.left,ParaHippocampal.right,Calcarine.left,Calcarine.right,Cuneus.left,Cuneus.right,Lingual.left,Lingual.right,Occipital_Sup.left,Occipital_Sup.right,Occipital_Mid.left,Occipital_Mid.right,Occipital_Inf.left,Occipital_Inf.right,Fusiform.left,Fusiform.right,Postcentral.left,Postcentral.right,Parietal_Sup.left,Parietal_Sup.right,Parietal_Inf.left,Parietal_Inf.right,SupraMarginal.left,SupraMarginal.right,Angular.left,Angular.right,Precuneus.left,Precuneus.right,Paracentral.leftobule.left,Paracentral.leftobule.right,Heschl.left,Heschl.right,Temporal_Sup.left,Temporal_Sup.right,Temporal_Pole_Sup.left,Temporal_Pole_Sup.right,Temporal_Mid.left,Temporal_Mid.right,Temporal_Pole_Mid.left,Temporal_Pole_Mid.right,Temporal_Inf.left,Temporal_Inf.right
23,0.0632791593670845,0.071329690515995,0.0809034705162048,0.0761041566729546,0.138356357812881,0.125039324164391,0.0595834963023663,0.0655820220708847,0.122211560606956,0.102863781154156,0.0719273909926415,0.0717986151576042,0.0769740343093872,0.0633711293339729,0.059212751686573,0.062625102698803,0.0676470696926117,0.0663771778345108,0.078568808734417,0.0838712677359581,0.187860488891602,0.249586969614029,0.10131824016571,0.095129705965519,0.0685178115963936,0.0453704968094826,0.138742372393608,0.144284665584564,0.0542091205716133,0.0674652457237244,0.225590839982033,0.295669555664063,0.125026479363441,0.359547734260559,0.08746337890625,0.464082390069962,0.120929144322872,0.141787812113762,0.124107696115971,0.131274819374084,0.087397426366806,0.106488235294819,0.10300274938345,0.110345423221588,0.0683462768793106,0.0686576887965202,0.0724009647965431,0.0726328268647194,0.0887458398938179,0.087012954056263,0.0598000176250935,0.0631184577941895,0.0660295560956001,0.0686814188957214,0.0607413165271282,0.0618322864174843,0.0609446987509728,0.0549008175730705,0.0563431903719902,0.0537748821079731,0.0502662658691406,0.0489947758615017,0.0780572444200516,0.0785239115357399,0.0807195529341698,0.0929455235600472,0.0857262015342712,0.0904019325971603,0.0650030300021172,0.0724294409155846,0.0969185680150986,0.0960236638784409,0.0651794075965881,0.0580385997891426,0.131091237068176,0.130341336131096,0.0877746790647507,0.088669016957283
24,0.0493200197815895,0.0490950904786587,0.0683755204081535,0.0678523406386375,0.131995484232903,0.120486028492451,0.0571339875459671,0.054391723126173,0.109407894313335,0.0959847867488861,0.087238185107708,0.0895886048674583,0.0886031985282898,0.0935196280479431,0.0738543197512627,0.0681954547762871,0.0992088317871094,0.102102190256119,0.0784013345837593,0.0714806765317917,0.164519488811493,0.193362891674042,0.097796805202961,0.0961229875683785,0.0588459633290768,0.0528690367937088,0.131346821784973,0.127158865332603,0.0629036128520966,0.072855569422245,0.263063102960587,0.230560556054115,0.179750934243202,0.276725023984909,0.193187177181244,0.206248551607132,0.119991227984428,0.125925779342651,0.114056058228016,0.122029215097427,0.098512627184391,0.101811856031418,0.105911552906036,0.11439686268568,0.0605830475687981,0.0665712505578995,0.0732127204537392,0.0788237750530243,0.0869540572166443,0.0852952152490616,0.055408239364624,0.0537352487444878,0.0806687921285629,0.0697096064686775,0.0609596632421017,0.058234415948391,0.0395111590623856,0.0475939400494099,0.0915895104408264,0.0813400149345398,0.0489613488316536,0.0461825802922249,0.0823611244559288,0.0797172039747238,0.0968359485268593,0.0969465523958206,0.0972665250301361,0.102090328931808,0.0768114551901817,0.0879901796579361,0.0985079109668732,0.0909007787704468,0.0611257515847683,0.055044386535883,0.136493280529976,0.128981351852417,0.0796671137213707,0.087953120470047
25,0.053010031580925,0.0652268677949905,0.0684617683291435,0.0661840438842773,0.105699047446251,0.1196543648839,0.0527392812073231,0.0460875891149044,0.0956492274999619,0.0911016762256622,0.0797843560576439,0.086587980389595,0.0923260301351547,0.0917950198054314,0.0807785540819168,0.0713952034711838,0.103548593819141,0.0888588801026344,0.0823247209191322,0.0796781629323959,0.221534073352814,0.305790930986404,0.0981110855937004,0.0928438976407051,0.0616156607866287,0.0231417436152697,0.141773581504822,0.130768954753876,0.0644501894712448,0.0735645890235901,0.156240060925484,0.171712011098862,0.123728379607201,0.181082025170326,0.21331562101841,0.178415894508362,0.117120876908302,0.113701723515987,0.129600659012795,0.129647374153137,0.0959894359111786,0.105084247887135,0.113404512405396,0.117252349853516,0.0350033305585384,0.0596611946821213,0.0820838212966919,0.07877416908741,0.0696900188922882,0.084212951362133,0.0523982234299183,0.057233389467001,0.0715155899524689,0.0716526508331299,0.0518935509026051,0.0539983175694943,0.0587627775967121,0.0519736036658287,0.0854805260896683,0.0876390337944031,0.0542292445898056,0.0502926409244537,0.0793195515871048,0.0799106881022453,0.0968106165528297,0.091716080904007,0.0952619388699532,0.106780111789703,0.0875582918524742,0.0915676280856133,0.104876108467579,0.0937493145465851,0.0576048865914345,0.0516628213226795,0.157636150717735,0.153220891952515,0.0846349969506264,0.0881045162677765
26,0.08263348788023,0.0878845825791359,0.0584438815712929,0.0496011599898338,0.116865687072277,0.123314492404461,0.0494648143649101,0.049794152379036,0.0927304178476334,0.082085020840168,0.0923089012503624,0.104721881449223,0.101670943200588,0.102487273514271,0.0845639035105705,0.0880376324057579,0.106266468763351,0.104369878768921,0.0863703191280365,0.0871856808662415,0.277112066745758,0.126928761601448,0.0956681296229363,0.0962422490119934,0.0383964516222477,0.0318047553300858,0.13169276714325,0.125744923949242,0.0871476903557777,0.0863300040364265,0.161043465137482,0.162413790822029,0.138718768954277,0.167497664690018,0.165394902229309,0.182722985744476,0.124917604029179,0.111052870750427,0.133840411901474,0.141726389527321,0.10176844894886,0.106415554881096,0.1167072057724,0.120310410857201,0.047887559980154,0.0560086332261562,0.0616256184875965,0.0620280131697655,0.0810759291052818,0.0726475715637207,0.0544579848647118,0.0589065700769424,0.10443801432848,0.105972193181515,0.0458066798746586,0.0545609220862389,0.0551661364734173,0.046027697622776,0.0995375066995621,0.101318225264549,0.0523408688604832,0.0523315817117691,0.0816656723618507,0.0901535823941231,0.112042739987373,0.114877082407475,0.109543032944202,0.119840666651726,0.0916585400700569,0.118521124124527,0.120842278003693,0.112416125833988,0.0585250407457352,0.0588165894150734,0.168100088834763,0.145861029624939,0.0756020396947861,0.0816978514194489
27,0.0906811356544495,0.112198866903782,0.0539259761571884,0.0512110702693462,0.0987102687358856,0.111185155808926,0.0509982742369175,0.0542304143309593,0.0818485915660858,0.0780837759375572,0.0886707007884979,0.104014225304127,0.106241747736931,0.0967450141906738,0.0884954258799553,0.0880261436104775,0.11065711826086,0.109473332762718,0.0883096605539322,0.0846650823950768,0.125906854867935,0.132407829165459,0.102041259407997,0.0948530286550522,0.056073110550642,0.0392902158200741,0.128197878599167,0.11955925822258,0.0868131890892983,0.0931661874055862,0.164507240056992,0.176067143678665,0.141649559140205,0.146022528409958,0.155213192105293,0.16945044696331,0.116170696914196,0.117622889578342,0.135405957698822,0.136576846241951,0.103771604597569,0.108136132359505,0.118717327713966,0.122000098228455,0.0559864640235901,0.0658677518367767,0.0643954947590828,0.0705497711896896,0.0704338178038597,0.0697614848613739,0.0579595007002354,0.0604044236242771,0.125346183776855,0.12478282302618,0.0383535958826542,0.0444882772862911,0.062598392367363,0.0529972426593304,0.0946339219808579,0.104573652148247,0.0617121607065201,0.057060394436121,0.0930457711219788,0.087962694466114,0.121637366712093,0.115940406918526,0.124289751052856,0.113153234124184,0.100223168730736,0.118857674300671,0.122437834739685,0.119211487472057,0.060879148542881,0.0664039701223373,0.150018140673637,0.147376731038094,0.0703121945261955,0.0735261738300324
28,0.100563034415245,0.127182930707932,0.0524334125220776,0.0525262579321861,0.103174768388271,0.117726802825928,0.0524725615978241,0.0530605837702751,0.0836251452565193,0.0831427946686745,0.0934849977493286,0.104013204574585,0.106837347149849,0.118818536400795,0.106245338916779,0.100069649517536,0.130807921290398,0.130349859595299,0.0975071787834168,0.098048247396946,0.219119995832443,0.142592519521713,0.0977769419550896,0.0999806672334671,0.0493238717317581,0.0357306115329266,0.12477408349514,0.12428393214941,0.0898122116923332,0.0950680673122406,0.16699980199337,0.156473636627197,0.142507150769234,0.164594531059265,0.150793597102165,0.176454901695251,0.114453114569187,0.113130487501621,0.16271984577179,0.157876819372177,0.116692386567593,0.100646965205669,0.122000053524971,0.130928859114647,0.0594390407204628,0.0748876556754112,0.0611503124237061,0.062385831028223,0.0718823224306107,0.0682554617524147,0.0613715797662735,0.0648216977715492,0.146220117807388,0.147903457283974,0.0471693277359009,0.0633395910263062,0.0704937130212784,0.0641898661851883,0.108535885810852,0.102157488465309,0.0790082439780235,0.0644192099571228,0.0933103039860725,0.111710920929909,0.147052779793739,0.132185831665993,0.123147919774055,0.115031808614731,0.106713622808456,0.13045397400856,0.132116928696632,0.123795486986637,0.0641173645853996,0.0763709619641304,0.161445289850235,0.150760635733604,0.0740537866950035,0.0741950273513794
29,0.118990264832973,0.13647498190403,0.0389952845871449,0.0563791580498219,0.10527665168047,0.106441974639893,0.0597074367105961,0.0681051537394524,0.0738407969474793,0.0796032473444939,0.115144267678261,0.113110437989235,0.108245275914669,0.140962839126587,0.111763253808022,0.112344063818455,0.131423637270927,0.132225781679153,0.0993391945958138,0.0988853201270104,0.298897385597229,0.115082666277885,0.10605551302433,0.107947319746017,0.0460759550333023,0.0374778211116791,0.146361500024796,0.129018172621727,0.0868760198354721,0.0910612195730209,0.259320944547653,0.173700779676437,0.162290617823601,0.151791453361511,0.193291783332825,0.161583662033081,0.128610923886299,0.112861849367619,0.174031868577003,0.17227540910244,0.119892247021198,0.100549966096878,0.125058129429817,0.131273671984673,0.0917201191186905,0.0999213457107544,0.08473040163517,0.0696267262101173,0.0824625045061112,0.0815712511539459,0.0693614035844803,0.0660010948777199,0.152395188808441,0.153605356812477,0.0738272592425346,0.0727618485689163,0.0765221416950226,0.0762663781642914,0.0889012366533279,0.102121703326702,0.0805258229374886,0.0702217444777489,0.10093405097723,0.102871768176556,0.175558507442474,0.153231635689735,0.137995302677155,0.118749834597111,0.1185048148036,0.13827258348465,0.138468071818352,0.142185807228088,0.0624451413750649,0.0880894511938095,0.151527985930443,0.14248663187027,0.0690683275461197,0.0763154923915863
30,0.14005808532238,0.142532855272293,0.046727079898119,0.0525812581181526,0.114776864647865,0.117739640176296,0.0752796158194542,0.0861134007573128,0.076044075191021,0.0749047547578812,0.106219530105591,0.111456282436848,0.122199051082134,0.130671441555023,0.12570708990097,0.118958294391632,0.124766074120998,0.121374689042568,0.0991155430674553,0.103527538478374,0.222342908382416,0.105053789913654,0.105260968208313,0.111223429441452,0.05459263920784,0.0530331060290337,0.139943689107895,0.129806265234947,0.0939309000968933,0.0963232144713402,0.160073950886726,0.156912058591843,0.174139231443405,0.173485234379768,0.170446589589119,0.179151251912117,0.131830960512161,0.125681594014168,0.159223452210426,0.167454689741135,0.125065252184868,0.107403248548508,0.134617790579796,0.131583288311958,0.0939908251166344,0.106756955385208,0.102936990559101,0.0821316987276077,0.081052377820015,0.0833988189697266,0.0846868753433228,0.0796753242611885,0.15788796544075,0.159027010202408,0.113943755626678,0.0804959163069725,0.0967021882534027,0.0983912944793701,0.124483615159988,0.140170484781265,0.113362118601799,0.0922401919960976,0.114078752696514,0.115895695984364,0.164613589644432,0.164975732564926,0.135181531310081,0.122605293989182,0.144134819507599,0.143376722931862,0.140223026275635,0.142234787344933,0.096487782895565,0.0940634831786156,0.164210572838783,0.146710470318794,0.0688885077834129,0.0692099705338478
31,0.145172253251076,0.151318773627281,0.0529942251741886,0.0660373643040657,0.110098823904991,0.10452576726675,0.0894901901483536,0.0967409163713455,0.0772412121295929,0.0730387270450592,0.0981010049581528,0.11375717073679,0.128097876906395,0.144190907478333,0.126185715198517,0.123041920363903,0.125281006097794,0.11792366206646,0.108331918716431,0.110569179058075,0.253503680229187,0.121784076094627,0.107546575367451,0.11327750235796,0.0650359690189362,0.0814852192997932,0.138899907469749,0.13753317296505,0.0954908058047295,0.0995441675186157,0.200014397501946,0.189917758107185,0.164031937718391,0.171376749873161,0.170286133885384,0.150635078549385,0.133257463574409,0.12128408998251,0.219649329781532,0.193708643317223,0.127319291234016,0.110673181712627,0.151186496019363,0.14325538277626,0.117145337164402,0.10852312296629,0.0996885001659393,0.0928364396095276,0.110710322856903,0.118562906980515,0.081399992108345,0.0797097384929657,0.17149119079113,0.176191806793213,0.10380644351244,0.105645000934601,0.095109298825264,0.108184851706028,0.130583137273788,0.135393708944321,0.118802793323994,0.113433852791786,0.129704460501671,0.13169139623642,0.178349167108536,0.179646387696266,0.140668079257011,0.115009672939777,0.1590855717659,0.141683369874954,0.150717303156853,0.15269935131073,0.10980773717165,0.113041438162327,0.146209985017777,0.140871837735176,0.081979863345623,0.0773008391261101
32,0.150558307766914,0.153482913970947,0.100766733288765,0.0947428941726685,0.133947342634201,0.133235082030296,0.133793249726295,0.126523479819298,0.078559011220932,0.0772882699966431,0.135827645659447,0.142270997166634,0.127254784107208,0.172462835907936,0.129044458270073,0.136275738477707,0.123886488378048,0.133885085582733,0.104494690895081,0.118368081748486,0.238689467310905,0.136087626218796,0.108450882136822,0.116850078105927,0.0697469785809517,0.0763359591364861,0.15318001806736,0.143761187791824,0.0976315438747406,0.109087094664574,0.194533690810204,0.188420057296753,0.178570777177811,0.180183172225952,0.186559185385704,0.195204317569733,0.139156743884087,0.122820630669594,0.177520394325256,0.179439455270767,0.120805367827415,0.118685185909271,0.15216326713562,0.154514089226723,0.163388773798943,0.139385029673576,0.136879339814186,0.142427489161491,0.13663937151432,0.135924607515335,0.118885852396488,0.119670018553734,0.171844258904457,0.187751948833466,0.157637193799019,0.152494996786118,0.146436467766762,0.152336895465851,0.15472511947155,0.160146981477737,0.144826635718346,0.156528472900391,0.136513456702232,0.136038675904274,0.215304642915726,0.192885741591454,0.149008750915527,0.134238854050636,0.150792673230171,0.151030421257019,0.154321312904358,0.156198084354401,0.144421741366386,0.133958667516708,0.144604459404945,0.134535118937492,0.106079086661339,0.104757100343704
33,0.147854328155518,0.154151201248169,0.10636493563652,0.110840752720833,0.128015175461769,0.136222213506699,0.134137764573097,0.130961030721664,0.0779260545969009,0.0832026600837708,0.147923648357391,0.121529743075371,0.1247768253088,0.145886987447739,0.144988760352135,0.150260299444199,0.126582935452461,0.123092159628868,0.106118924915791,0.114686861634254,0.237026214599609,0.112409316003323,0.118945501744747,0.110029384493828,0.0808952674269676,0.0543444938957691,0.145350083708763,0.138076171278954,0.103327818214893,0.105821333825588,0.151499465107918,0.159222483634949,0.150162860751152,0.168234944343567,0.160153105854988,0.167006134986877,0.149994134902954,0.137625738978386,0.204574629664421,0.20435032248497,0.147749528288841,0.13538084924221,0.163544103503227,0.166762724518776,0.139809101819992,0.138594195246696,0.130327224731445,0.133482858538628,0.139126285910606,0.120500043034554,0.11370375007391,0.125052839517593,0.175687059760094,0.176522091031075,0.153564170002937,0.166128978133202,0.162836417555809,0.165581122040749,0.158386737108231,0.158652141690254,0.164476051926613,0.149593487381935,0.149009674787521,0.150133565068245,0.232343479990959,0.178303420543671,0.13347190618515,0.122808434069157,0.157288432121277,0.142130836844444,0.144181400537491,0.16204009950161,0.139385148882866,0.130044907331467,0.151334807276726,0.141178801655769,0.109626956284046,0.107145503163338
34,0.159757852554321,0.148687481880188,0.11149188131094,0.118140451610088,0.125402584671974,0.128159284591675,0.132806330919266,0.143227994441986,0.0894233286380768,0.0780001431703568,0.137194320559502,0.1557587236166,0.129556179046631,0.149141862988472,0.133855983614922,0.138851776719093,0.129389122128487,0.137788519263268,0.118769019842148,0.112509876489639,0.274480909109116,0.124763436615467,0.121204949915409,0.104479096829891,0.0816677957773209,0.0905003845691681,0.159562110900879,0.144274041056633,0.107740789651871,0.11288857460022,0.168058335781097,0.163895606994629,0.157672807574272,0.176227554678917,0.205985084176064,0.169372498989105,0.141090422868729,0.115121744573116,0.204810589551926,0.201890245079994,0.136131688952446,0.125289708375931,0.174731969833374,0.169428378343582,0.158746376633644,0.146229162812233,0.151674792170525,0.144211933016777,0.168197721242905,0.163647219538689,0.131178230047226,0.139157876372337,0.187154293060303,0.187478631734848,0.15751639008522,0.179137870669365,0.160859256982803,0.165070563554764,0.162199437618256,0.158813744783402,0.165511131286621,0.153551533818245,0.166591018438339,0.146015137434006,0.210187569260597,0.185628324747086,0.131398990750313,0.110355384647846,0.150950491428375,0.141679748892784,0.156592160463333,0.166947707533836,0.141882434487343,0.144267275929451,0.139182299375534,0.139224499464035,0.123244479298592,0.112176351249218
35,0.164116650819778,0.161960080265999,0.144650548696518,0.1245958507061,0.14449904859066,0.153226017951965,0.154859945178032,0.174118787050247,0.0948347076773644,0.0995654612779617,0.143452063202858,0.137286335229874,0.135034307837486,0.134316504001617,0.145682781934738,0.145695433020592,0.156697750091553,0.134235471487045,0.11696545779705,0.123812817037106,0.292407244443893,0.139813855290413,0.116519398987293,0.110539183020592,0.086833119392395,0.107874304056168,0.147510170936584,0.154411762952805,0.107335299253464,0.106244221329689,0.190131887793541,0.187895447015762,0.174587890505791,0.167678892612457,0.213704034686089,0.173913359642029,0.147735729813576,0.137974292039871,0.198258250951767,0.213431134819984,0.169332951307297,0.189282685518265,0.219103202223778,0.20863863825798,0.153508991003037,0.167048215866089,0.156109526753426,0.2013288885355,0.171672984957695,0.19866606593132,0.142436847090721,0.147153571248055,0.183033257722855,0.180021539330482,0.167521312832832,0.176680281758308,0.190058171749115,0.174078956246376,0.214662149548531,0.161035165190697,0.169616416096687,0.191971033811569,0.184371367096901,0.146932929754257,0.24371874332428,0.211540549993515,0.176709875464439,0.130140915513039,0.194406926631928,0.141317933797836,0.155126020312309,0.166436016559601,0.182943463325501,0.17201754450798,0.157488629221916,0.150182902812958,0.147272974252701,0.123403832316399
36,0.166863784193993,0.176579460501671,0.177371934056282,0.161687791347504,0.151567652821541,0.15440958738327,0.175782114267349,0.189963594079018,0.119199924170971,0.125586152076721,0.178320229053497,0.146008759737015,0.153659269213676,0.156543418765068,0.149394735693932,0.158992677927017,0.148321732878685,0.149742856621742,0.143924102187157,0.147495597600937,0.176809042692184,0.136389672756195,0.119543924927711,0.122516945004463,0.100610621273518,0.0886909291148186,0.170472383499146,0.154959410429001,0.103607341647148,0.112477444112301,0.177744790911675,0.16684202849865,0.171688452363014,0.154489651322365,0.178238943219185,0.188081860542297,0.141711115837097,0.125461995601654,0.234600737690926,0.254808574914932,0.179071500897408,0.176082894206047,0.235439985990524,0.19432345032692,0.162520825862885,0.18185456097126,0.186890408396721,0.187351554632187,0.20187009871006,0.192501753568649,0.156233578920364,0.167877301573753,0.179978281259537,0.186035454273224,0.189483433961868,0.199158772826195,0.189245402812958,0.168757900595665,0.174696058034897,0.172150373458862,0.186782538890839,0.185362800955772,0.18810860812664,0.175153329968452,0.217485845088959,0.19250525534153,0.166195720434189,0.124199733138084,0.177699342370033,0.144660443067551,0.159427493810654,0.167187228798866,0.186925619840622,0.170979008078575,0.16957314312458,0.190017491579056,0.169443219900131,0.152296274900436
37,0.180117294192314,0.181475758552551,0.183965846896172,0.165588229894638,0.146660447120667,0.147832155227661,0.176245048642159,0.175454959273338,0.115372650325298,0.112311311066151,0.130248069763184,0.129294976592064,0.158038198947907,0.166848242282867,0.15658350288868,0.156054556369782,0.166565716266632,0.152482748031616,0.15311972796917,0.154908880591393,0.197080954909325,0.13690285384655,0.131117597222328,0.131325021386147,0.112552337348461,0.135414108633995,0.165136188268662,0.162906467914581,0.106724418699741,0.116258412599564,0.175408378243446,0.201390624046326,0.164895206689835,0.162622824311256,0.176882281899452,0.170613676309586,0.143387407064438,0.123296357691288,0.224943816661835,0.247475937008858,0.224030613899231,0.179789200425148,0.202459797263145,0.208314940333366,0.158460840582848,0.177420601248741,0.183113932609558,0.192336350679398,0.222144424915314,0.21639695763588,0.176737636327744,0.171592593193054,0.196170091629028,0.187722131609917,0.190810576081276,0.191879168152809,0.185744002461433,0.180411756038666,0.222858801484108,0.178477019071579,0.204821452498436,0.221145316958427,0.200199872255325,0.177097827196121,0.204392448067665,0.180939435958862,0.178991377353668,0.142835944890976,0.156772077083588,0.15101832151413,0.17846243083477,0.175516724586487,0.187311664223671,0.173985183238983,0.180625304579735,0.188837602734566,0.17806750535965,0.18803907930851
38,0.161661893129349,0.169407710433006,0.180408000946045,0.172363862395287,0.147832676768303,0.143885269761086,0.186490803956985,0.186428233981133,0.129552945494652,0.125573694705963,0.12955442070961,0.16933299601078,0.163751617074013,0.15885503590107,0.157375827431679,0.153435841202736,0.161203801631928,0.173509687185287,0.144292250275612,0.157692521810532,0.208199515938759,0.145000457763672,0.143589079380035,0.135368630290031,0.136584475636482,0.17748036980629,0.179233759641647,0.168133035302162,0.111676998436451,0.117849253118038,0.189269259572029,0.184623703360558,0.16002844274044,0.180581480264664,0.178819671273232,0.174580350518227,0.138105317950249,0.123753130435944,0.228208601474762,0.23728258907795,0.198840826749802,0.225401610136032,0.217713072896004,0.1928900629282,0.176543653011322,0.19314780831337,0.187833026051521,0.211274087429047,0.240549683570862,0.210650935769081,0.188424944877625,0.169968068599701,0.19427390396595,0.198321148753166,0.215844824910164,0.214082106947899,0.171917915344238,0.192419901490212,0.218287691473961,0.175876662135124,0.181804463267326,0.196998700499535,0.190498575568199,0.196447968482971,0.191131353378296,0.215366065502167,0.177895307540894,0.189934074878693,0.16604109108448,0.147250562906265,0.17093563079834,0.167054235935211,0.186634480953217,0.184428855776787,0.183023750782013,0.179838672280312,0.181915178894997,0.186779126524925
,,,,,,,,,,,,,,,,,,,,,,,,,,,,,,,,,,,,,,,,,,,,,,,,,,,,,,,,,,,,,,,,,,,,,,,,,,,,,,
Cortical FDrad,,,,,,,,,,,,,,,,,,,,,,,,,,,,,,,,,,,,,,,,,,,,,,,,,,,,,,,,,,,,,,,,,,,,,,,,,,,,,,
GA,Precentral.left,Precentral.right,Frontal_Sup.left,Frontal_Sup.right,Frontal_Sup_Orb.left,Frontal_Sup_Orb.right,Frontal_Mid.left,Frontal_Mid.right,Frontal_Mid_Orb.left,Frontal_Mid_Orb.right,Frontal_Inf_Oper.left,Frontal_Inf_Oper.right,Frontal_Inf_Tri.left,Frontal_Inf_Tri.right,Frontal_Inf_Orb.left,Frontal_Inf_Orb.right,Rolandic_Oper.left,Rolandic_Oper.right,Supp_Motor_Area.left,Supp_Motor_Area.right,Olfactory.left,Olfactory.right,Frontal_Sup_Medial.left,Frontal_Sup_Medial.right,Frontal_Med_Orb.left,Frontal_Med_Orb.right,Rectus.left,Rectus.right,Insula.left,Insula.right,Cingulum_Ant.left,Cingulum_Ant.right,Cingulum_Mid.left,Cingulum_Mid.right,Cingulum_Post.left,Cingulum_Post.right,ParaHippocampal.left,ParaHippocampal.right,Calcarine.left,Calcarine.right,Cuneus.left,Cuneus.right,Lingual.left,Lingual.right,Occipital_Sup.left,Occipital_Sup.right,Occipital_Mid.left,Occipital_Mid.right,Occipital_Inf.left,Occipital_Inf.right,Fusiform.left,Fusiform.right,Postcentral.left,Postcentral.right,Parietal_Sup.left,Parietal_Sup.right,Parietal_Inf.left,Parietal_Inf.right,SupraMarginal.left,SupraMarginal.right,Angular.left,Angular.right,Precuneus.left,Precuneus.right,Paracentral.leftobule.left,Paracentral.leftobule.right,Heschl.left,Heschl.right,Temporal_Sup.left,Temporal_Sup.right,Temporal_Pole_Sup.left,Temporal_Pole_Sup.right,Temporal_Mid.left,Temporal_Mid.right,Temporal_Pole_Mid.left,Temporal_Pole_Mid.right,Temporal_Inf.left,Temporal_Inf.right
23,0.511119902133942,0.506717443466187,0.507483601570129,0.568421006202698,0.514854967594147,0.475554019212723,0.544167697429657,0.529082298278809,0.601028561592102,0.637530267238617,0.609612464904785,0.566253840923309,0.57623165845871,0.632667064666748,0.527446687221527,0.575692176818848,0.604847848415375,0.646381497383118,0.526238262653351,0.558440089225769,0.344940632581711,0.429748952388763,0.545382738113403,0.547375321388245,0.542475581169128,0.519674718379974,0.59518313407898,0.529642581939697,0.436514407396317,0.43517741560936,0.456482589244843,0.406452119350433,0.494857907295227,0.490364819765091,0.599885523319244,0.551683604717255,0.416937828063965,0.413340866565704,0.679019451141357,0.628817021846771,0.708080589771271,0.661241471767426,0.574242889881134,0.564392685890198,0.726594686508179,0.690340220928192,0.713833451271057,0.715296387672424,0.637099087238312,0.658086538314819,0.504730105400085,0.482639998197556,0.571820855140686,0.569671988487244,0.672991752624512,0.681797921657562,0.713573217391968,0.697245895862579,0.708019256591797,0.732369184494019,0.750247716903687,0.759553134441376,0.659313261508942,0.642563402652741,0.592753112316132,0.588202118873596,0.612339556217194,0.6145960688591,0.69949209690094,0.686528325080872,0.48874306678772,0.493093073368073,0.716491162776947,0.724676907062531,0.591646790504456,0.55042976140976,0.565886378288269,0.575858950614929
24,0.630073547363281,0.561257839202881,0.620756268501282,0.56953227519989,0.385375916957855,0.366509348154068,0.694047212600708,0.610768020153046,0.599052309989929,0.500343263149262,0.673805236816406,0.522918105125427,0.693822383880615,0.55512535572052,0.586684584617615,0.459562748670578,0.6063192486763,0.542829513549805,0.572829365730286,0.573745429515839,0.377771764993668,0.453943133354187,0.637503385543823,0.619696319103241,0.707835614681244,0.779950797557831,0.514392852783203,0.518565952777863,0.499324232339859,0.428093910217285,0.487429797649384,0.497094064950943,0.512449324131012,0.477129906415939,0.65044379234314,0.558504700660706,0.433982461690903,0.351190477609634,0.765480756759644,0.633012533187866,0.725643336772919,0.671092510223389,0.675298631191254,0.55436110496521,0.792744159698486,0.663886547088623,0.843612909317017,0.746086239814758,0.847325563430786,0.672946572303772,0.575007617473602,0.418545424938202,0.632746040821075,0.602494955062866,0.740834355354309,0.62099152803421,0.777626216411591,0.625086665153503,0.783621370792389,0.664189159870148,0.80931830406189,0.680621922016144,0.712875664234161,0.636216402053833,0.547254979610443,0.530887305736542,0.63563734292984,0.544869124889374,0.766552209854126,0.612851619720459,0.68146562576294,0.582682430744171,0.831422865390778,0.681363582611084,0.603638350963593,0.535930573940277,0.606247484683991,0.534970760345459
25,0.707854747772217,0.647281050682068,0.611014068126679,0.622325956821442,0.536460161209106,0.526753664016724,0.746580362319946,0.736045718193054,0.640187323093414,0.526252090930939,0.72455108165741,0.624662756919861,0.755366742610931,0.674248337745667,0.621677398681641,0.573410987854004,0.632276952266693,0.579316318035126,0.611423850059509,0.616546094417572,0.445281147956848,0.543604552745819,0.631053566932678,0.680968880653381,0.59502500295639,0.62657618522644,0.531416475772858,0.60017067193985,0.585706532001495,0.484204471111298,0.525199472904205,0.535803973674774,0.450551927089691,0.50277590751648,0.5789754986763,0.491687774658203,0.492403984069824,0.460920959711075,0.662194132804871,0.64314991235733,0.742144405841827,0.709641039371491,0.605377078056335,0.595497608184815,0.811815738677979,0.733939349651337,0.857084214687347,0.826850235462189,0.81641149520874,0.733440101146698,0.564615309238434,0.523149490356445,0.6837118268013,0.653337359428406,0.796726286411285,0.750092148780823,0.835804581642151,0.800001084804535,0.767767012119293,0.78206068277359,0.844864189624786,0.847317934036255,0.748467803001404,0.70585560798645,0.638568878173828,0.625650525093079,0.593394696712494,0.552202820777893,0.744114696979523,0.73816990852356,0.619227886199951,0.538325190544128,0.821442186832428,0.854395806789398,0.680883586406708,0.57546478509903,0.670428812503815,0.621499240398407
26,0.717336356639862,0.740514099597931,0.725529313087463,0.766242802143097,0.628348112106323,0.610773980617523,0.799246907234192,0.849717974662781,0.765306532382965,0.784359097480774,0.67315936088562,0.721845924854279,0.72337418794632,0.800389230251312,0.666356682777405,0.687662780284882,0.588281035423279,0.56574821472168,0.605596303939819,0.609627664089203,0.499752700328827,0.499586313962936,0.65629768371582,0.659570693969727,0.567004680633545,0.538141310214996,0.617587268352509,0.668866097927094,0.507103800773621,0.495975464582443,0.498157411813736,0.483394682407379,0.42996671795845,0.427499413490295,0.517210304737091,0.446605771780014,0.521347403526306,0.507892370223999,0.634845495223999,0.615931391716003,0.68983656167984,0.736257314682007,0.618832051753998,0.60524195432663,0.761022925376892,0.807129502296448,0.820847511291504,0.904148042201996,0.861002624034882,0.907447099685669,0.601653873920441,0.568851947784424,0.664678752422333,0.715944588184357,0.747523963451386,0.823453485965729,0.807005345821381,0.881694495677948,0.665881752967835,0.759921908378601,0.842801630496979,0.948461949825287,0.688617885112763,0.681528031826019,0.601793348789215,0.614821553230286,0.552933275699616,0.550485968589783,0.752601623535156,0.788402080535889,0.655109465122223,0.702117145061493,0.943258225917816,0.941885113716126,0.740233480930328,0.731323301792145,0.811204195022583,0.767547309398651
27,0.670614182949066,0.636793494224548,0.700455009937286,0.716203451156616,0.556424200534821,0.509670674800873,0.742945075035095,0.709922909736633,0.651478826999664,0.645967841148377,0.636130332946777,0.548203110694885,0.677842319011688,0.647594749927521,0.603711664676666,0.58809095621109,0.457045435905457,0.453412175178528,0.594414055347443,0.574779868125916,0.382660746574402,0.410036236047745,0.637937128543854,0.639567196369171,0.48439759016037,0.511803925037384,0.581552147865295,0.572760164737701,0.420942574739456,0.459304302930832,0.438536107540131,0.443578094244003,0.462816834449768,0.475106179714203,0.480240434408188,0.507765591144562,0.403142154216766,0.428599804639816,0.635321140289307,0.641595780849457,0.706717610359192,0.668416142463684,0.557607710361481,0.551562786102295,0.73900306224823,0.751444220542908,0.803929448127747,0.826633453369141,0.842589974403381,0.774069309234619,0.519910454750061,0.477529615163803,0.633348762989044,0.627349495887756,0.756676733493805,0.752813875675201,0.707314550876617,0.706934332847595,0.606028854846954,0.64705753326416,0.78859931230545,0.783526718616486,0.680869936943054,0.659809410572052,0.64793211221695,0.619545876979828,0.488109230995178,0.483824133872986,0.648477971553803,0.598958075046539,0.620789706707001,0.585739016532898,0.799745619297028,0.763135850429535,0.639788269996643,0.646723031997681,0.671359360218048,0.594984591007233
28,0.608056843280792,0.63390451669693,0.669427573680878,0.688175082206726,0.465881288051605,0.446593999862671,0.721957087516785,0.723721861839294,0.599732160568237,0.572880029678345,0.590143263339996,0.563426017761231,0.671959757804871,0.638306856155396,0.579858303070068,0.5346320271492,0.433359533548355,0.434417366981506,0.571177005767822,0.563141286373138,0.407203704118729,0.445094227790833,0.594288468360901,0.58855676651001,0.479962587356567,0.55699223279953,0.477398097515106,0.511583030223846,0.453119993209839,0.4582579433918,0.369832783937454,0.385603696107864,0.383931994438171,0.444255024194717,0.48829910159111,0.446768403053284,0.394121468067169,0.409189254045486,0.547805607318878,0.555365800857544,0.643423795700073,0.616158723831177,0.540200412273407,0.525387406349182,0.682333707809448,0.705099940299988,0.752905070781708,0.787149786949158,0.763847649097443,0.811202645301819,0.526789844036102,0.502338528633118,0.594756126403809,0.59954971075058,0.729329347610474,0.703642725944519,0.673905372619629,0.717426955699921,0.550276458263397,0.608188211917877,0.715786993503571,0.744763433933258,0.63858163356781,0.583006620407105,0.583325207233429,0.605266630649567,0.489085227251053,0.49115189909935,0.611316859722138,0.56071150302887,0.554891467094421,0.632948219776154,0.712390780448914,0.744747638702393,0.619352579116821,0.645387828350067,0.609523296356201,0.590898633003235
29,0.624900043010712,0.573037266731262,0.729518353939056,0.663133442401886,0.523201286792755,0.448513746261597,0.77473795413971,0.671611189842224,0.624455869197846,0.565601050853729,0.606520891189575,0.437142610549927,0.688035070896149,0.54520571231842,0.515120506286621,0.511334598064423,0.498982191085815,0.421940058469772,0.650656163692474,0.636580049991608,0.416491389274597,0.430091291666031,0.645731091499329,0.648013949394226,0.559188663959503,0.60147362947464,0.509007155895233,0.498901128768921,0.489940792322159,0.418509721755981,0.426533311605454,0.424254149198532,0.496033877134323,0.56133896112442,0.561596572399139,0.502113282680512,0.423152267932892,0.403681933879852,0.554026067256928,0.537573516368866,0.634499728679657,0.628083765506744,0.563497722148895,0.548143088817596,0.623758852481842,0.622697591781616,0.691973328590393,0.72357714176178,0.776823401451111,0.792541921138763,0.575632035732269,0.540880560874939,0.589370548725128,0.583851933479309,0.712237060070038,0.715220391750336,0.741334855556488,0.693919956684113,0.581161618232727,0.590416669845581,0.758727848529816,0.723848104476929,0.668588697910309,0.62354326248169,0.573171496391296,0.573506474494934,0.540830850601196,0.502673983573914,0.607447564601898,0.561062633991242,0.604027330875397,0.553047835826874,0.741803228855133,0.699514746665955,0.643941640853882,0.584950804710388,0.657072603702545,0.645367801189423
30,0.538513362407684,0.54023689031601,0.564855039119721,0.58613395690918,0.468171566724777,0.477931976318359,0.624728143215179,0.62322473526001,0.61402815580368,0.612610280513763,0.622354984283447,0.547392189502716,0.639959752559662,0.623479664325714,0.582160651683807,0.59219241142273,0.502967357635498,0.503555059432983,0.569924116134644,0.578499972820282,0.425487518310547,0.419407159090042,0.629073619842529,0.650241792201996,0.488350600004196,0.568684875965118,0.525947570800781,0.553319931030273,0.520114064216614,0.446476459503174,0.433840274810791,0.436661899089813,0.423512011766434,0.465132266283035,0.474979788064957,0.487963438034058,0.462645590305328,0.399409830570221,0.506442904472351,0.50762802362442,0.620934247970581,0.63486111164093,0.554881036281586,0.524396479129791,0.62983626127243,0.619269371032715,0.707694053649902,0.728185117244721,0.790836036205292,0.758171796798706,0.605980575084686,0.575232923030853,0.517969191074371,0.528253138065338,0.638159871101379,0.624180316925049,0.613790154457092,0.638736665248871,0.582284510135651,0.513244926929474,0.639073610305786,0.719386756420136,0.630841732025147,0.64466404914856,0.505061447620392,0.483406484127045,0.478452235460281,0.496811956167221,0.55098283290863,0.548701107501984,0.633873999118805,0.605010330677033,0.74297571182251,0.760964930057526,0.688365817070007,0.663280487060547,0.695658922195435,0.698259055614471
31,0.509845912456513,0.469837814569473,0.59744119644165,0.558328449726105,0.493453562259674,0.550201833248138,0.562125086784363,0.55234158039093,0.574298560619354,0.642286896705627,0.463390707969666,0.470492839813232,0.546945214271545,0.585919737815857,0.527730762958527,0.508151948451996,0.480800360441208,0.414602339267731,0.533958196640015,0.4756800532341,0.384930104017258,0.422231703996658,0.581221699714661,0.614309251308441,0.478560119867325,0.528068125247955,0.497759312391281,0.508137822151184,0.383334130048752,0.417689889669418,0.438979089260101,0.398471474647522,0.376420170068741,0.357434242963791,0.448666840791702,0.406858295202255,0.446312665939331,0.391650795936585,0.487146943807602,0.481596738100052,0.579550981521606,0.566438257694244,0.512563765048981,0.466141045093536,0.515264928340912,0.560466825962067,0.636099934577942,0.583746135234833,0.64658784866333,0.624089598655701,0.50933313369751,0.483988493680954,0.44193434715271,0.415933191776276,0.561267554759979,0.503281831741333,0.517491281032562,0.472946256399155,0.423937946557999,0.425928354263306,0.521186351776123,0.626606345176697,0.541458964347839,0.49725940823555,0.471247792243958,0.444162607192993,0.428973227739334,0.447971701622009,0.429207056760788,0.442096263170242,0.5216383934021,0.543634533882141,0.533705234527588,0.576092004776001,0.66405713558197,0.640465080738068,0.547750473022461,0.574743211269379
32,0.470431715250015,0.472654193639755,0.471519082784653,0.514135420322418,0.445648938417435,0.468783587217331,0.492840826511383,0.51659893989563,0.554545223712921,0.606445074081421,0.532394886016846,0.446454703807831,0.531591773033142,0.553196609020233,0.484713137149811,0.50728839635849,0.448057413101196,0.421404749155045,0.467970937490463,0.4545077085495,0.352304577827454,0.410888850688934,0.553082883358002,0.560659468173981,0.488517731428146,0.403513610363007,0.479845970869064,0.498582720756531,0.432867974042892,0.46764475107193,0.39765664935112,0.385681122541428,0.392322421073914,0.402659863233566,0.383448034524918,0.41257655620575,0.366840034723282,0.407640069723129,0.404823958873749,0.419932693243027,0.477841556072235,0.464275509119034,0.412139385938644,0.431731343269348,0.434943050146103,0.446133583784103,0.499060332775116,0.469190508127213,0.500775992870331,0.513983428478241,0.448482692241669,0.479119777679443,0.411191195249558,0.462314754724503,0.419784188270569,0.435431897640228,0.482032001018524,0.4773910343647,0.421653240919113,0.496922105550766,0.493180215358734,0.515867173671722,0.458443433046341,0.476434946060181,0.43954735994339,0.471674531698227,0.4026919901371,0.518094658851624,0.405234426259995,0.479060798883438,0.507085561752319,0.525252223014832,0.543692529201508,0.590040802955627,0.609441578388214,0.617174088954926,0.524494886398315,0.549166023731232
33,0.494054794311523,0.468938946723938,0.48986753821373,0.529221296310425,0.414917171001434,0.475267142057419,0.503924012184143,0.527922511100769,0.496066153049469,0.530803859233856,0.413848131895065,0.47387233376503,0.467938840389252,0.543503284454346,0.453650206327438,0.50111585855484,0.468322485685349,0.477050185203552,0.527679264545441,0.510645270347595,0.398920208215714,0.394837915897369,0.592234909534454,0.600903034210205,0.472950667142868,0.492832332849503,0.446270197629929,0.485291838645935,0.406483262777329,0.441524744033814,0.433606296777725,0.399599939584732,0.389760076999664,0.413192003965378,0.414710342884064,0.389508575201035,0.406658828258514,0.413292318582535,0.389096528291702,0.414938598871231,0.435908854007721,0.432072460651398,0.415758967399597,0.398638188838959,0.433269530534744,0.433592408895493,0.490177839994431,0.503832936286926,0.494671791791916,0.481518983840942,0.469309270381928,0.46521657705307,0.465953260660172,0.477399677038193,0.50678288936615,0.453157126903534,0.483200401067734,0.48087415099144,0.490550488233566,0.53320974111557,0.491682022809982,0.533681571483612,0.479481220245361,0.460705161094666,0.477338671684265,0.466488808393478,0.431073099374771,0.448638081550598,0.432591497898102,0.485548973083496,0.54845541715622,0.535356283187866,0.5972118973732,0.536396324634552,0.643693685531616,0.604760885238648,0.54553085565567,0.512461364269257
34,0.421627044677734,0.468797564506531,0.422116041183472,0.455627828836441,0.416477501392365,0.42333111166954,0.449259698390961,0.45607990026474,0.476549685001373,0.489408522844315,0.405858874320984,0.456286698579788,0.468670248985291,0.458674609661102,0.430822849273682,0.430191159248352,0.374889045953751,0.412110954523087,0.502356231212616,0.535306453704834,0.342853873968124,0.364548921585083,0.498469620943069,0.551996827125549,0.376924067735672,0.436021983623505,0.419625282287598,0.439171373844147,0.424946635961533,0.419014483690262,0.380858302116394,0.387135148048401,0.408614158630371,0.412548780441284,0.412769109010696,0.398795157670975,0.399823516607285,0.385485798120499,0.399652630090714,0.387954294681549,0.447766155004501,0.430706888437271,0.391083300113678,0.403186410665512,0.393294095993042,0.414811044931412,0.446445256471634,0.413877367973328,0.425589948892593,0.450608551502228,0.431473851203918,0.447274208068848,0.398339450359345,0.425248324871063,0.438051551580429,0.407340854406357,0.422079056501389,0.410632222890854,0.452743679285049,0.450877219438553,0.417235463857651,0.430531978607178,0.448188692331314,0.432692050933838,0.479015350341797,0.444389015436173,0.346620559692383,0.407198488712311,0.418679684400558,0.453482210636139,0.463705211877823,0.496740788221359,0.476420313119888,0.513048410415649,0.568259954452515,0.578193187713623,0.458562582731247,0.502970993518829
35,0.411687582731247,0.398301213979721,0.455812782049179,0.447838306427002,0.426980167627335,0.401135981082916,0.459356844425201,0.37267130613327,0.457513421773911,0.359501361846924,0.461875885725021,0.359978944063187,0.445995062589645,0.391737908124924,0.413184344768524,0.363653093576431,0.374896854162216,0.346394062042236,0.514695048332214,0.4243503510952,0.392366319894791,0.391831904649735,0.534849345684052,0.497815847396851,0.430364549160004,0.404930472373962,0.464426577091217,0.400906175374985,0.401365071535111,0.405314415693283,0.432399123907089,0.390305042266846,0.375630229711533,0.399946749210358,0.399688243865967,0.383297562599182,0.382059276103973,0.418029695749283,0.375825256109238,0.364884525537491,0.412125170230866,0.385969460010529,0.406656295061111,0.390704780817032,0.369483798742294,0.369309961795807,0.426909863948822,0.376692831516266,0.404806941747665,0.408528417348862,0.388633489608765,0.402824997901917,0.420737773180008,0.394425183534622,0.42630523443222,0.399083137512207,0.475185096263886,0.390865743160248,0.391762793064117,0.428700506687164,0.434663057327271,0.402665287256241,0.439421892166138,0.434104204177856,0.437054961919785,0.458822339773178,0.352696627378464,0.383812785148621,0.369915038347244,0.399366676807404,0.399374514818192,0.405371397733688,0.409386366605759,0.453726321458817,0.491651356220245,0.460998624563217,0.405498087406158,0.435044676065445
36,0.334263443946838,0.34563210606575,0.370341122150421,0.378556042909622,0.375420361757278,0.360771596431732,0.376945376396179,0.355203658342361,0.37429815530777,0.356671839952469,0.335869997739792,0.347653985023499,0.351879775524139,0.368941009044647,0.35443127155304,0.355742007493973,0.330684185028076,0.301417589187622,0.429104626178741,0.417493492364883,0.349018603563309,0.32721346616745,0.43997123837471,0.445308268070221,0.382487773895264,0.401953160762787,0.370727270841599,0.391593098640442,0.385426312685013,0.384043872356415,0.344914466142654,0.380449891090393,0.369267821311951,0.363338112831116,0.389318943023682,0.370134681463242,0.365798473358154,0.348825305700302,0.35734298825264,0.333380699157715,0.357010930776596,0.384452342987061,0.33946830034256,0.333580613136292,0.344778686761856,0.3325135409832,0.353414177894592,0.351007461547852,0.347082316875458,0.355850338935852,0.361967712640762,0.320869535207748,0.346975564956665,0.342207223176956,0.340983659029007,0.350632846355438,0.359898954629898,0.34653228521347,0.322879821062088,0.358492761850357,0.35824853181839,0.384774744510651,0.347829252481461,0.363884538412094,0.382605940103531,0.375103414058685,0.319992542266846,0.310294091701508,0.331874579191208,0.358668059110642,0.400354743003845,0.396213531494141,0.35456258058548,0.376020640134811,0.423587203025818,0.351454555988312,0.349499464035034,0.345835298299789
37,0.41436293721199,0.397106260061264,0.43841952085495,0.466331362724304,0.407465279102325,0.429103463888168,0.448906660079956,0.442967861890793,0.45066025853157,0.447569072246552,0.471397429704666,0.435413837432861,0.450411558151245,0.431671768426895,0.427882134914398,0.41723895072937,0.428957402706146,0.402578562498093,0.464710772037506,0.468350440263748,0.438125938177109,0.409051656723022,0.500081539154053,0.502594530582428,0.424293041229248,0.441201537847519,0.404611766338348,0.435437619686127,0.454326629638672,0.46352082490921,0.396459430456162,0.399559825658798,0.464106142520905,0.451453298330307,0.491707563400269,0.448057442903519,0.405357658863068,0.375376671552658,0.370610952377319,0.373579472303391,0.410473436117172,0.404956609010696,0.39545202255249,0.391492307186127,0.388304561376572,0.376191973686218,0.402692407369614,0.468570560216904,0.445565730333328,0.489357978105545,0.409695506095886,0.411583095788956,0.421338081359863,0.411360919475555,0.421395659446716,0.383132338523865,0.428074836730957,0.406748980283737,0.397063881158829,0.432894676923752,0.436861753463745,0.457184016704559,0.408800810575485,0.405397534370422,0.448769241571426,0.449545502662659,0.419491201639175,0.415744572877884,0.39578852057457,0.425437122583389,0.448122382164001,0.416477739810944,0.424916744232178,0.465496391057968,0.469666033983231,0.404206395149231,0.396336406469345,0.412801891565323
38,0.460617691278458,0.431425273418427,0.482122659683228,0.444316327571869,0.424447804689407,0.432369142770767,0.437554657459259,0.424450844526291,0.498893260955811,0.416039139032364,0.430692583322525,0.448193430900574,0.447588503360748,0.42020308971405,0.465129941701889,0.42715859413147,0.421605467796326,0.420582920312881,0.510645389556885,0.486578613519669,0.41323333978653,0.428403556346893,0.565972864627838,0.547485172748566,0.403992265462875,0.420118004083633,0.424894422292709,0.439193487167358,0.462893575429916,0.478569954633713,0.418463826179504,0.412984043359756,0.417286455631256,0.419527381658554,0.484916895627975,0.48202446103096,0.420860379934311,0.404408633708954,0.445615828037262,0.435059607028961,0.448263645172119,0.446559578180313,0.424751967191696,0.44005012512207,0.405877828598022,0.411163687705994,0.466742604970932,0.445405721664429,0.460598975419998,0.435591995716095,0.411697030067444,0.430683493614197,0.443750858306885,0.483655959367752,0.43910476565361,0.478478014469147,0.43198636174202,0.434497773647308,0.407097816467285,0.399149209260941,0.47659096121788,0.473996430635452,0.454216957092285,0.449311792850494,0.487370610237122,0.503129363059998,0.383036762475967,0.418981820344925,0.424381405115128,0.427343815565109,0.451251924037933,0.410307437181473,0.445698142051697,0.482850521802902,0.500467717647553,0.386273741722107,0.414439678192139,0.445967614650726
