t,"curvature, FDrad = 0","curvature, FDrad = 0.1","curvature, FDrad = 0.5","curvature, FDrad = 1.0","diameter, FDrad = 0","diameter, FDrad = 0.1","diameter, FDrad = 0.5","diameter, FDrad = 1.0",FDrad = 0,FDrad = 0.1,FDrad = 0.5,FDrad = 1.0
0,0.5555830608154383,0.5555830596659548,0.5555830555641871,0.5555830449853332,1.8000001215911567,1.8000001253239784,1.8000001385468312,1.8000001590413042,1.0000495770217759,1.000049577026598,1.0000495769898086,1.0000495693342517
0.01,0.5553684641727104,0.5553581537616356,0.5553208744857208,0.5552793351281363,1.8006745075100254,1.8007080144069045,1.8008288904477496,1.8009637386548762,1.0000378357107944,1.0000378783447992,1.0000378742425946,1.0000379473901624
0.02,0.5551156660827435,0.5550865406286506,0.554982183555293,0.5548694685970097,1.8014729615401794,1.8015678599487752,1.8019074348349182,1.8022747511498725,1.0000258629754293,1.0000260710867268,1.0000265227491998,1.0000272334363376
0.03,0.55482333035944,0.5547667747877069,0.5545673496634226,0.5543587841311728,1.8023981452541602,1.8025828889643978,1.8032336604300276,1.8039153528048355,1.0000125415835908,1.000013095598286,1.0000145118885526,1.0000163216564442
0.04,0.5544910614488646,0.5543985159753653,0.5540786084881181,0.5537549898304883,1.8034508475824054,1.8037539046011812,1.8048005143017987,1.8058612112334016,0.9999973747468225,0.9999984878956655,1.0000013575629805,1.0000046566618257
0.05,0.5541187605383786,0.5539817932029609,0.5535188930806557,0.5530674454638812,1.8046313873002409,1.8050810166059708,1.8065991830782728,1.8080829470292028,0.9999801075594641,0.9999820184559993,0.9999867800579024,0.9999918167002472
0.06,0.5537064659055894,0.5535168411275825,0.5528917514961109,0.5523041758370003,1.8059398533404405,1.8065639010067986,1.8086190763537742,1.8105557445216167,0.9999605738311936,0.9999635437804059,0.9999705689145165,0.999977498284958
0.07,0.5532543337586694,0.5530040754769873,0.5522009649481434,0.551474727588011,1.8073760709932123,1.8082017825709702,1.8108489592354609,1.8132497537245105,0.9999386440087112,0.9999429550464998,0.9999525426651626,0.9999614139842524
0.08,0.5527626281484591,0.5524440862795131,0.5514504442903301,0.5505879318623038,1.8089395755380968,1.8099933975309872,1.8132772262057848,1.816137357314306,0.9999141939361965,0.9999201486709578,0.9999325320127174,0.9999433115415537
0.09,0.5522316979202618,0.5518376572192538,0.5506448847593252,0.5496518089153618,1.8106296953796308,1.8119369309064162,1.8158896981914974,1.819193443848326,0.99988711098434,0.9998950309804416,0.9999103735963029,0.9999229671781991
0.1,0.5516619916287306,0.5511857570083867,0.549789053096672,0.5486735568537667,1.812445469699036,1.8140300056341938,1.8186719107595888,1.8223954421010957,0.9998572775326403,0.999867501891411,0.9998859077100295,0.9999001892117009
0.11,0.5510540494968027,0.550489521777076,0.5488875825463733,0.5476596142933405,1.8143856742695372,1.8162697319476515,1.8216097749565971,1.8257231213564533,0.9998245731552153,0.9998374561580406,0.9998589857187696,0.999874820448509
0.12,0.5504084982739246,0.5497502444999315,0.5479449432458599,0.5466155840471313,1.8164488489626538,1.818652745345785,1.8246896723570363,1.8291588649882837,0.9997888831489331,0.999804791414317,0.9998294789609828,0.9998467413005585
0.13,0.5497260446261724,0.5489693602286521,0.5469654225593062,0.5455463428847552,1.818633328066768,1.8211752563344885,1.827898517180748,1.8326873275616544,0.9997501060634765,0.9997694153341956,0.9997972848452972,0.9998158692024961
0.14,0.549007486369921,0.5481484624704808,0.5459530821260578,0.544456134370671,1.8209372067409793,1.8238329911958187,1.8312238914650376,1.83629513789097,0.9997081587103303,0.9997312499269259,0.9997623276082107,0.9997821523397757
0.15,0.5482537008013073,0.5472892730769132,0.5449117285222905,0.5433486209906678,1.823358383474261,1.8266212873335879,1.8346541428754801,1.8399707385165316,0.9996629816268529,0.9996902365316147,0.9997245602348592,0.9997455634361381
0.16,0.5474656350791595,0.5463936143268674,0.5438448929017091,0.5422269317471683,1.8258945936375315,1.8295351805078053,1.8381784492346074,1.843704242994963,0.999614543293375,0.9996463398158175,0.9996839618582248,0.9997060947283944
0.17,0.5466443010741384,0.545463388643722,0.5427558205719297,0.5410937164184804,1.8285434260099998,1.832569463515216,1.8417868558476007,1.8474872703281084,0.9995628430949468,0.9995995494940174,0.9996405362641589,0.9996637531376699
0.18,0.5457907720486367,0.5445005620009032,0.54164746619547,0.5399512117888897,1.8313023331842015,1.8357187339024081,1.8454702915904169,1.851312741461748,0.9995079142830751,0.9995498822854478,0.9995943073789645,0.9996185581524824
0.19,0.5449061788464876,0.5435071467633746,0.5405224985048859,0.5388013046412792,1.8341686442642682,1.8389774445036078,1.849220558830964,1.8551746807035627,0.999449827306085,0.999497383824358,0.999545316745914,0.9995705383005481
0.2,0.5439917044571836,0.5424851795167921,0.539383313330358,0.5376455818754103,1.8371395834283861,1.8423399708074641,1.853030298332697,1.859068059973114,0.999388693314968,0.9994421297944487,0.9994936220162319,0.9995197288502351
0.21,0.5430485788441969,0.5414367012260027,0.53823205295009,0.536485378992635,1.8402122876093703,1.8458006723120428,1.8568929296150027,1.8629886465142782,0.9993246675578971,0.9993842271373705,0.9994392936151899,0.9994661700841887
0.22,0.5420780743990704,0.5403637406775014,0.5370706262868242,0.5353218035407106,1.8433838218953125,1.8493539424697416,1.8608025921877256,1.866932936236134,0.9992579525514099,0.9993238141896342,0.9993824135824078,0.9994099065154817
0.23,0.5410815017386617,0.5392683005464642,0.5359007177817046,0.5341557835363555,1.846651193860487,1.8529942523058107,1.864754121874079,1.8708979943954538,0.9991888011615248,0.9992610613633207,0.9993230723987112,0.9993509841128997
0.24,0.540060205610537,0.5381523416421585,0.5347238202620501,0.5329880963870847,1.8500113678748318,1.8567161986114846,1.8687429484918168,1.8748813694056974,0.9991175197163125,0.9991961700476976,0.9992613685053118,0.9992894520311532
0.25,0.539015560998706,0.5370177709185671,0.5335412478141103,0.5318193929596932,1.8534612790437701,1.86051454306575,1.8727650625252146,1.8788810175997839,0.9990444711131569,0.9991293726787454,0.9991974083223732,0.9992253622234076
0.26,0.5379489696080864,0.5358664345311586,0.5323541599588194,0.5306502198548739,1.8569978460361345,1.8643842346163562,1.8768169369986438,1.882895229929901,0.9989700778395744,0.9990609323999697,0.9991313038923976,0.9991587677259954
0.27,0.5368618567728181,0.5347001095766547,0.5311635790749372,0.5294810353428772,1.8606179826271212,1.8683204368319746,1.8808954754130789,1.8869225846810318,0.9988948248980912,0.9989911422983602,0.9990631725862664,0.9990897237487705
0.28,0.5357556687322913,0.5335205005241993,0.529970409771162,0.5283122271086782,1.8643186082365018,1.8723185401727878,1.8849979542226643,1.890961887747372,0.9988192626858016,0.9989203246937239,0.9989931382171875,0.9990182862934445
0.29,0.5346318702323186,0.5323292382471775,0.5287754365594135,0.5271441296309569,1.8680966576557272,1.8763741669179441,1.8891220366958406,1.8950121197538174,0.9987440098572249,0.9988488309421114,0.9989213296678515,0.9989445145077408
0.3,0.5334919424567435,0.5311278722341474,0.5275793579536864,0.5259770187233861,1.8719490899038793,1.880483200969392,1.8932656598780753,1.8990724629781683,0.9986697561529537,0.9987770413029317,0.9988478812742373,0.998868472416935
0.31,0.5323373813141501,0.5299178765599546,0.5263827898408224,0.524811125284814,1.8758728961014932,1.8846417691934993,1.8974270304588416,1.9031422393391042,0.9985972651888596,0.9987053644072152,0.9987729338123122,0.998790220204616
0.32,0.531169696079351,0.5287006503010604,0.5251862788340441,0.5236466592154003,1.8798651063687193,1.8888462437685172,1.9016045820442191,1.9072208509434994,0.9985273772200496,0.9986342373991303,0.9986966342575712,0.9987098269825164
0.33,0.5299904083735977,0.5274775204127649,0.523990310432815,0.5224837880748633,1.8839227958380738,1.8930932367741704,1.9057969495220162,1.911307844023602,0.9984610119105506,0.9985641264438145,0.998619135201953,0.9986273625226515
0.34,0.528801051463228,0.5262497450106899,0.522795319938482,0.5213226690413432,1.8880430898542486,1.8973795924507932,1.910002938282394,1.9154027988139872,0.9983991711228085,0.9984955267157166,0.998540597202785,0.9985428993669667
0.35000000000000003,0.5276031698659068,0.5250185169820274,0.521601698511464,0.520163434543721,1.8922231683894348,1.901702379365029,1.9142215032811998,1.9195053867519296,0.9983429417359754,0.9984289629554204,0.9984611874386418,0.9984565145980573
0.36,0.5263983192573338,0.5237849695784502,0.5204097975902439,0.5190062097655108,1.8964602696970645,1.9060588781287322,1.918451737833856,1.9236153055415413,0.9982934985068448,0.9983649914953929,0.9983810805727685,0.9983682887760403
0.37,0.5251880666687347,0.5225501792962968,0.5192199409047598,0.5178511023411875,1.9007516932500343,1.9104465732489242,1.9226928391196965,1.9277323189597149,0.9982521069953095,0.9983041993872211,0.9983004623057335,0.998278306392022
0.38,0.5239739909600359,0.5213151736107865,0.5180324222361045,0.5166982119270405,1.905094802023366,1.914863134870318,1.9269441067930582,1.9318562212590857,0.9982201265734026,0.9982472075958148,0.9982195231555947,0.9981866552246986
0.39,0.5227576835536558,0.5200809332291215,0.51684751528267,0.5155476348982732,1.909487024176578,1.9193064134385067,1.9312049265532543,1.93598682783482,0.9981990135343115,0.9981946706537367,0.9981384677907007,0.9980934302844517
0.4,0.5215407494141444,0.5188483996148029,0.5156654776667627,0.5143994585577409,1.9139258541814996,1.9237744213516943,1.93547474277356,1.94012398719744,0.9981903243129258,0.99814727973822,0.9980575077442825,0.9979987285492486
0.41000000000000003,0.5203248082614963,0.5176184903631097,0.5144865852462502,0.5132537692954873,1.9184088534394808,1.9282652836392475,1.9397529400932032,1.9442675595532841,0.9981957188330548,0.9981057651369408,0.9979768663699263,0.9979026534596613
0.42,0.5191114960040805,0.5163920751941068,0.513311043869825,0.5121106923853421,1.922933650434444,1.9327773314342203,1.9440391849887475,1.9484172556586086,0.9982169639936118,0.9980708970674449,0.9978967833704178,0.9978053098508782
0.43,0.5179024663770444,0.5151700006157341,0.5121390673486073,0.5109703069064103,1.9274979404686556,1.9373090124284897,1.9483331267374702,1.9525729918089239,0.9982559373053903,0.9980434851256523,0.9978175104117238,0.9977068208817736
0.44,0.5166993927695275,0.5139531009955326,0.5109708653651405,0.5098326681805049,1.932099485025149,1.9418588811697193,1.952634431675572,1.9567347593122788,0.9983146306828112,0.9980243936728926,0.9977393052950363,0.9976073032617171
0.45,0.5155039702257642,0.5127421860330109,0.509806643176859,0.5086978521790384,1.9367361107968013,1.9464256055295925,1.9569428066975627,1.9609024956763386,0.9983951543953566,0.9980145199298702,0.9976624431715853,0.9975068878830695
0.46,0.5143179176044981,0.5115380555900866,0.5086466032950485,0.5075659360765724,1.9414057084199103,1.9510079502089757,1.9612579923153572,1.965076142630492,0.9984997411800136,0.9980148132906999,0.9975872159764728,0.9974057117959857
0.47000000000000003,0.5131429798798167,0.5103415032576555,0.507490955820624,0.506436998182128,1.9461062309483665,1.955604764829669,1.9655797282306249,1.9692556372872585,0.9986307505115236,0.9980262754610071,0.9975139350214022,0.9973039136009926
0.48,0.5119809305663074,0.509153316177387,0.506339911904438,0.505311121340884,1.950835692102738,1.9602149862073115,1.9699077940081189,1.9734409228543748,0.9987906730247262,0.9980499606480636,0.9974429388779366,0.997201645627533
0.49,0.5108335742496554,0.507974280504217,0.5051936667519222,0.5041884058391568,1.9555921643260303,1.9648376233370488,1.9742419921765948,1.9776319152861566,0.9989821350772855,0.9980869780222531,0.9973745510833137,0.9970990827047657
0.5,0.5097027492034588,0.5068051878963925,0.504052429668893,0.5030689347318108,1.9603737766753107,1.9694717501971448,1.9785821297764383,1.9818285799631277,0.9992079034377732,0.9981385004153009,0.9973091298132666,0.996996392543108
0.51,0.508590330072115,0.5056468332282211,0.502916413101536,0.5019527949383151,1.9651787125765015,1.9741164997096994,1.9829280256392616,1.9860308599600187,0.9994708900799768,0.99820575650179,0.9972470500930081,0.996893740990677
0.52,0.5074982305974288,0.5045000218519113,0.50178583012658,0.500840085189299,1.9700052074674992,1.9787710779899519,1.98727951699754,1.9902387039005833,0.9997741570574765,0.9982900520858609,0.9971887021301594,0.9967913220086082
0.53,0.5076787463074492,0.5033655703873499,0.5006608997938766,0.4997309015431966,1.9748515463531806,1.9834347453572756,1.9916364539733613,1.9944520499346408,1.0025901571959102,0.9983927619228531,0.9971344991085889,0.9966893209985146
0.54,0.5108892883486476,0.5022443137659437,0.4995418499649957,0.4986253462125749,1.979716061294046,1.9881067545282056,1.9959986833375325,1.9986708561908784,1.0114157296869026,0.9985153126214561,0.9970848748021266,0.9965879476331603
0.55,0.5158106400553295,0.5011768789949401,0.498428909590568,0.49752352000981187,1.9845971288485078,1.9927864204459114,2.0003660918923463,2.0028950758155335,1.0236763152833182,0.9987384787025804,0.9970402899638481,0.9964874083300632
0.56,0.5216810402937595,0.5018321126242778,0.49732230465070615,0.4964255285756772,1.989493167487602,1.9974730954807398,2.0047386563035,2.007124694130313,1.0378808652722589,1.0023961434152555,0.9970012487752166,0.996387937200935
0.5700000000000001,0.5290737403142657,0.5046911707265218,0.4962222956253698,0.4953314655533421,1.9944026349995005,2.0021661362775065,2.0091161674767837,2.0113598171723304,1.055186061791813,1.0104755713068916,0.9969682368033745,0.9962898059950727
0.58,0.5371969169189107,0.5087414549085961,0.4951291360497459,0.4942414636680376,1.9993240259001825,2.006864969720202,2.013498508966767,2.0156002928751384,1.0740307026354825,1.0209754045005512,0.996941777182167,0.9961932389203337
0.59,0.5461708470652312,0.5134328449331952,0.4943508370848844,0.49315564015661545,2.004255868865785,2.0115689944005437,2.017885544908908,2.0198460924794057,1.094666125633887,1.0328055915744778,0.9975434082672068,0.9960984927545197
0.6,0.5562273870169565,0.5192379363713758,0.49510747247772424,0.4920741335885931,2.009196724201147,2.016277472018879,2.0222771456843907,2.024097136323499,1.1175702439054325,1.0469277537231774,1.001244526249265,0.9960058446555381
0.61,0.5666926218573374,0.5257901138542393,0.497354868807106,0.490997074607223,2.01414518135872,2.020989711080168,2.0266731459807588,2.0283533732224215,1.1414012136254954,1.0626164102870876,1.007975756634145,0.9959155725219018
0.62,0.5776230877882498,0.5329646562730045,0.5003941347053754,0.49055827421595577,2.019099856521466,2.0257055151951837,2.0310730709343003,2.032614630062217,1.1662786936767413,1.0796294436163305,1.0163370518535588,0.9971159250694246
0.63,0.5897752450068148,0.5406442639693848,0.5039454815669518,0.4915237665876687,2.024059390263046,2.030424320992831,2.0354759604159356,2.036879466681714,1.1937401228007323,1.097737262568707,1.0257689130897625,1.001174667548478
0.64,0.6025497527355084,0.5492042048270557,0.5081244460915674,0.4936251323769872,2.029022445298569,2.0351456006636743,2.039882818002396,2.0411485233020286,1.2225869727094494,1.1177105213197738,1.036514326989173,1.0075622100160557
0.65,0.615981878851575,0.5580681780792558,0.5129659937778637,0.4963507456878221,2.0339877043391783,2.039868976508467,2.04429332894671,2.045422231806807,1.252899567679849,1.1383859632404765,1.0486529590566063,1.015246850003758
0.66,0.6298524882581639,0.5671524504930816,0.5183368589462841,0.4995509332726377,2.03895386806395,2.0445939014577412,2.048707517811094,2.049700610615346,1.2842401672436867,1.1595964414749682,1.0619206196818407,1.0239298529623915
0.67,0.6444810074831813,0.5771620137721479,0.5240941064959597,0.5031909096004915,2.0439196532226607,2.0493198927914706,2.053125145704351,2.053983535654826,1.3172673973236149,1.1827895961868475,1.0760307887623088,1.0335458436105855
0.68,0.6595881541693556,0.5876933205825668,0.530211382431442,0.5075222241759244,2.048883790883749,2.0540464268797107,2.0575462157892965,2.0582710110096674,1.351419477736524,1.2071493652436938,1.090934423490225,1.044618281464455
0.6900000000000001,0.6754055387067657,0.5986554049030022,0.5367138392238894,0.5122646741724,2.053845024842075,2.05877302791374,2.061970493732619,2.0625629768939353,1.3871783054236722,1.23249560062908,1.1066881000576125,1.056578151318627
0.7000000000000001,0.6921256559406348,0.6101659248823569,0.5438080288314355,0.5172796591495384,2.058802110201704,2.0634989508301533,2.0663979209139205,2.066859356249545,1.4249497609753172,1.2590767458270535,1.1237237801535758,1.069144303310799
0.71,0.7092458872365934,0.6219939687237068,0.5511356672941441,0.5227645721946421,2.063753812149601,2.068223101943328,2.0708284865302025,2.071160079873181,1.4637089035359458,1.2864222953837863,1.1413074397755456,1.0827291131015242
0.72,0.7267414826245977,0.6343570888519636,0.5586130531746885,0.5283979784448292,2.0686989049370634,2.072945919418962,2.0752621959853457,2.0754651015004315,1.503409309277843,1.31498793879017,1.1592685514373826,1.0966715639656202
0.73,0.7446528524745121,0.6471778824560719,0.5664217176998599,0.5344456191440072,2.0736361710860183,2.077666654266837,2.079698755565299,2.079774498182596,1.5441390897935288,1.344619905758003,1.1779865414255577,1.1115263693611146
0.74,0.7629517047507496,0.6602846878754879,0.5750065183063162,0.5409674245701881,2.0785644008383497,2.082385032447184,2.0841378085605724,2.084088483353884,1.5858442530538392,1.3749669511859766,1.1983928249709705,1.1274239794163399
0.75,0.7816370523288143,0.673948247522757,0.5837964151452781,0.5476878987273919,2.0834823918669474,2.0871004568461164,2.0885777556809484,2.0884066640899768,1.6285270353578682,1.4065976952953856,1.2193042065187083,1.1437950575437215
0.76,0.801187762045622,0.6883539739287683,0.5927633294338379,0.5545510116266793,2.0883889492675674,2.0918120761528702,2.0930188015785434,2.0927287363437954,1.6731916685444903,1.4399071553320155,1.2406647933913186,1.160524837799674
0.77,0.821602909926724,0.7030921604040736,0.6021572324084643,0.5616172343922758,2.093282885851142,2.0965181788789464,2.0974620454807984,2.0970520391006167,1.7198473103151088,1.4740454957144125,1.263001940388514,1.177740566576371
0.78,0.8424189565560577,0.7181378081635965,0.6118774979522315,0.5692897899466912,2.0981630227560486,2.1012199509101217,2.1019068938563876,2.101378601236696,1.7675323043146545,1.5089654900162146,1.286109531141393,1.1962933824965105
0.79,0.8636367572898732,0.7335038541971342,0.6218245419601607,0.577308199992477,2.1030281903999786,2.105916374825524,2.1063535917020313,2.1057087914394357,1.8162524468462276,1.5446977775513786,1.3097823573662548,1.2156429520942347
0.8,0.8853272528015345,0.7491751441249355,0.632149202767636,0.585472340380842,2.1078772297900827,2.1106070320730135,2.110801857793419,2.1100422983786427,1.8661611570929628,1.5812143274444022,1.3343417116045546,1.2353714027343148
0.81,0.9075684522521756,0.765152611355114,0.6428391782273565,0.593801552346116,2.112708994209492,2.115291139000434,2.115249667038043,2.114379366415707,1.9174280319339594,1.6185205387825154,1.3597653577044249,1.255521750026244
0.8200000000000001,0.9303410389917802,0.7814389383035037,0.6537551661250134,0.6024809077458867,2.1175223512963353,2.119968494588425,2.119696237171393,2.118719859993887,1.9700179443933499,1.6566259296480559,1.3857623656665499,1.2764882645083548
0.8300000000000001,0.9535707435220097,0.7982562044463795,0.6648904696945614,0.6114909786867145,2.122316185529467,2.124638348324497,2.1241439249314986,2.123061862588906,2.0237786230241293,1.6960057437547376,1.4123230519465535,1.2982331761669292
0.84,0.9771964880180931,0.8158251698213546,0.6762282116277738,0.6206534759141079,2.127089401131946,2.1293002347079972,2.1285918250787,2.1274033368648135,2.0785842924866467,1.737136725581302,1.4394138431584684,1.3203802756964182
0.85,1.0012144866577326,0.8338327405786715,0.687910390351464,0.6301191491450808,2.1318409253995867,2.1339535004669967,2.1330400057207175,2.131748468937487,2.1344300177598927,1.7793602955618453,1.4673403829706277,1.3432555314382182
0.86,1.0256200804954767,0.8521617168976807,0.7002155115872662,0.639966757718275,2.136569712456941,2.1385975465381524,2.1374883032156817,2.1360958577895977,2.1913088004742853,1.8224309570111197,1.4967024657479662,1.3670303402850463
0.87,1.0504833655767847,0.8708232629747624,0.7127989491107237,0.6500361350087136,2.1412747474376714,2.1432294707462,2.1419363313628925,2.1404452568116117,2.2493735033129045,1.8663740810188791,1.5267699660575487,1.3913667619355534
0.88,1.0757874765859126,0.8898212102436573,0.7256064018786638,0.6602768574458013,2.145955051078526,2.147848946692722,2.146384058792126,2.144797451917544,2.308591569266561,1.9112015491666827,1.557430013949877,1.416160121409878
0.89,1.1015894189899744,0.9091536357957867,0.7386278804482492,0.670696012651376,2.1506096847088356,2.152457515223718,2.150831326356464,2.1491514539368417,2.3690888730526183,1.956914575861608,1.5886639837883714,1.4414273107393472
0.9,1.1277827638181055,0.92892416354878,0.7518890873697507,0.6812880855152971,2.15523775560725,2.157053593364463,2.155277658292982,2.153507643216431,2.4306399927038753,2.003739204945974,1.6205297515223234,1.4671590993894816
0.91,1.154368835444949,0.9491378246651885,0.7653945234204219,0.6920739709126879,2.1598384226871743,2.1616356529455416,2.159718571589453,2.157865789087232,2.493250164746649,2.0516901613554457,1.6530367668239436,1.4934027453502414
0.92,1.1813269286269537,0.9697626424274605,0.7791339899050043,0.7032099977607834,2.164410902460407,2.1662025468621335,2.1641519527449073,2.1622247011175437,2.556876883690246,2.1007023058781176,1.686164345702846,1.5204980272311786
0.93,1.2086018584054168,0.9908162612974829,0.7931091644221963,0.714903611906013,2.1689544752150423,2.170753711179296,2.16858381149999,2.166576791072073,2.6214024095416457,2.150818076308306,1.7199236947182586,1.5488935734091642
0.9400000000000001,1.2361794226907798,1.0122329162264583,0.807378090311832,0.7268345802836765,2.173468491330418,2.1752883168489965,2.173012227179004,2.1709262829686256,2.686797024849436,2.2018984365974035,1.754442462204045,1.577904293708303
0.9500000000000001,1.2640442189506682,1.0339982827940324,0.8219305769515014,0.7389877457736418,2.177952377636349,2.179804346281428,2.177434757513252,2.175277218595876,2.7530281121010898,2.2539139508819646,1.7897002065171197,1.607503208202924
0.96,1.2921796408266601,1.0561225524071731,0.8369135471233948,0.7513844119575139,2.1824056437092656,2.1843009271416225,2.1818520537166894,2.1796268959492275,2.820060140826315,2.306889470398165,1.8260215415744983,1.6377376734995917
0.97,1.3205837845418964,1.0786318136281323,0.8522385249691431,0.7640193629670362,2.186827887982628,2.188777437536814,2.1862616058129003,2.183973398563898,2.887889448453861,2.3608849770786695,1.8632163661346564,1.6685979647077422
0.98,1.3492275502720308,1.101500756392066,0.8679654230842039,0.7768929612239582,2.1912188035343214,2.1932333820481897,2.190662748377909,2.1883178441606654,2.956452778402623,2.41584822927041,1.9014195192306367,1.7000887300492078
0.99,1.3780831293754305,1.1247625319926944,0.8842327934273084,0.7900830741991078,2.1955781834004373,2.197667653440302,2.195054732076861,2.1926565973344,3.0256892537688977,2.471854234361957,1.940939377470155,1.7323808650849182
1,1.4071290996454902,1.1483781026808633,0.900855117298197,0.8035771266518171,2.199905925253278,2.2020803171864927,2.199437612789251,2.1969896404473617,3.095551643906424,2.528820816601498,1.981374628659327,1.7654506225544997
1.01,1.436342932400282,1.172344339883487,0.917820172754526,0.8173340530258091,2.2042020352725653,2.2064692565336297,2.203810653481501,2.2013177607041805,3.1659900149460665,2.5867417440241263,2.022701874696656,1.7992119673540459
1.02,1.4657075277374805,1.196763041317613,0.9351238664848062,0.8314069036046291,2.208466631033435,2.2108336583588777,2.2081714920689497,2.205639397466743,3.2369661658627384,2.6458440128249148,2.0649138635250397,1.8337838219162048
1.03,1.4952016213432433,1.2214903332673508,0.9527762429576643,0.8458276668820459,2.2126999432336913,2.2151759130882973,2.2125181870450135,2.2099545170029367,3.308432542669118,2.7058159643240325,2.1080347657282505,1.8692406730320326
1.04,1.5247861154384554,1.2465394128678706,0.9707603948699569,0.8605906194482404,2.2169023160866637,2.219496699974349,2.216851212786017,2.2142618329562493,3.380301870852299,2.7666901132482016,2.1520313586920965,1.9055729624444149
1.05,1.5544343726764622,1.271945641785032,0.9890720124007888,0.8757295771578603,2.221074206215543,2.2237877547182516,2.221170067078309,2.2185593186820998,3.452514090406529,2.828537142868802,2.1968971481295383,1.9428580140491059
1.06,1.5841189378533653,1.2976226163017683,1.0077474190310376,0.8912554436904767,2.225216179900626,2.2280526059462944,2.2254759401032587,2.222846061921833,3.5250070913983027,2.891171451786003,2.242717634754731,1.9811236531737721
1.07,1.613811613836742,1.3235947995882138,1.0267982147203487,0.9071274139156112,2.2293289085524686,2.232290434272671,2.2297690388172953,2.2271175260095912,3.5977168836839617,2.954648009973823,2.2895228682963067,2.0202793618552146
1.08,1.6434835410421988,1.3498317377038083,1.0461896363431036,0.9233512727973483,2.2334131623114075,2.236505318176433,2.2340424414126105,2.2313803021021386,3.670577772605807,3.0189058600179033,2.337232049356518,2.060347842040941
1.09,1.6731052791855918,1.3763126928276213,1.0659502553473938,0.9399472207759222,2.237469801706384,2.2406932174697536,2.238299709508365,2.2356326175896575,3.7435225372532903,3.0838945159363833,2.385916146894439,2.1013766655793984
1.1,1.7026468899039089,1.403050375508817,1.086115882626901,0.9569392008478028,2.2414997673419985,2.2448547441106297,2.24254385097168,2.2398774669812633,3.816482607585189,3.1496442916871685,2.435662494027636,2.143426553250051
1.11,1.7320780187302414,1.4300329502398488,1.1066682753071981,0.9742987298581727,2.2455040676210456,2.2489886322901,2.246777334866745,2.244105713568547,3.8893882364957584,3.2161278488896943,2.486437198176284,2.1864293463973037
1.12,1.7613897646816605,1.4572215354282234,1.1275565734364963,0.9921075909710622,2.2494837645468277,2.2530927087828134,2.2509852691372547,2.2483197947612408,3.9622176786903527,3.2832552165546263,2.538113236924432,2.2305751353131273
1.1300000000000001,1.7905376344158361,1.4845843701861154,1.1488548826207294,1.0104401973831256,2.2534399576835256,2.2571722117410227,2.2551692001667583,2.252522830866851,4.034869051128782,3.3509625863691475,2.5908621467474653,2.2760396138310974
1.1400000000000001,1.8194880432897984,1.5120988174827439,1.1706749246201331,1.0291229955988743,2.257373766379446,2.2612267453330914,2.2593326176399424,2.2567244009193055,4.107264577163461,3.419198287678521,2.6449440418474475,2.3224469757151507
1.1500000000000001,1.848209944423495,1.5397676344714248,1.1929348936035227,1.04815996520957,2.2612863103733947,2.26525016574528,2.2634789519317717,2.2609042079246064,4.179331846020822,3.487958889195613,2.700183022696541,2.369789275920426
1.16,1.8766828527676627,1.5675662058654667,1.2155237545610513,1.0676009310914945,2.2651786889041023,2.2692456015504137,2.267610974921171,2.2650543072855243,4.251022003921064,3.5571927177992806,2.7563350061200276,2.4181740874308257
1.17,1.9048898128337843,1.5954797213591818,1.2385047505131044,1.0874990265181412,2.269051958422822,2.2732146858140894,2.2717208923964085,2.2691876574253045,4.322293960390182,3.6268679335122633,2.813537117072821,2.467739368437
1.18,1.932779221695844,1.6234650064116485,1.2619211890624478,1.1078617625035916,2.272907108963122,2.277157977325426,2.275819164562636,2.2733047960289796,4.3930276330486935,3.6968862902589588,2.8719044262359885,2.518507458036533
1.19,1.9603200761936554,1.651495115721245,1.2857161550206602,1.1286353056280125,2.276745039148083,2.2810763415271036,2.2798825252458315,2.277417424095896,4.4631490086162975,3.767186436619298,2.9312817942578637,2.5703737104870323
1.2,1.9875843897046668,1.6795862789361478,1.3098235192922103,1.1498382459063592,2.2805665297051867,2.2849694049557647,2.283922212162858,2.2815088317814762,4.532818434124973,3.8378032603525964,2.9915350297248047,2.6233661131554795
1.21,2.014519445846291,1.707702850711586,1.334219551694901,1.1715342806921083,2.284372215215061,2.288837006395365,2.287954761018691,2.2855872959771943,4.6019122491017095,3.9086534806355373,3.0526339755445724,2.6776438687516633
1.22,2.0413342149576637,1.7358145692963145,1.3589233198969128,1.1936786339258028,2.2881625536398427,2.2926807365972226,2.291956464720225,2.289651499336037,4.670904510129911,3.979668625330465,3.1145930880967994,2.733108073893607
1.23,2.0678660525081294,1.7638842469312792,1.38397343771348,1.2161788303239893,2.2919377929732203,2.296500831979385,2.295926958339724,2.293682434467889,4.7394203565497275,4.050761640593014,3.177501925272482,2.7895280202858377
1.24,2.0940735458222126,1.7919449638863358,1.409358869639932,1.2390222772672617,2.2956979341560313,2.30030031204109,2.2998698584473134,2.297708845329619,4.807360313114849,4.122011559588198,3.2413419840202558,2.8469124460374347
1.25,2.11982884217989,1.8199621146482687,1.4350573733105243,1.26224960470373,2.2994426892755597,2.304078653045829,2.3037913340732654,2.3017184916474482,4.874424933666022,4.193335857713222,3.3060727405307286,2.905343256221257
1.26,2.145105286261308,1.8480013205374823,1.4610254016428756,1.2858737567351808,2.3031714341487537,2.3078369982244737,2.307685201478538,2.3056891884541315,4.94054521855853,4.2648858203040865,3.3715866983555016,2.9648252186212045
1.27,2.1698761804807423,1.875926847272833,1.4872922533280173,1.3099897288543392,2.3068831549229483,2.3115749374761485,2.3115582334529114,2.3096332475940704,5.0056508090195715,4.336345484694528,3.4379626537311117,3.0255958317687233
1.28,2.194114670988745,1.9038193208157574,1.5138315957267883,1.3344183724389458,2.310576389711078,2.3152921312513,2.315403484715536,2.313558271393766,5.069669555105284,4.407897892808918,3.5051309520182863,3.0872546630559303
1.29,2.217793622330316,1.9315414456879774,1.5406616597475822,1.3592429561465738,2.314249169075725,2.318989199554344,2.3192211092211474,2.3174557220961445,5.1325270476593765,4.479223751042003,3.5731350434542817,3.149985366440756
1.3,2.2410742519930844,1.9590529117689073,1.5677092234484116,1.3843886828133825,2.317898964122697,2.322667016608765,2.3230119168016037,2.3213382120495667,5.194583687216818,4.550227581957002,3.641807208150448,3.213634349743672
1.31,2.2643445967890248,1.9863194178479862,1.594931680178289,1.4099656710261992,2.321522659332165,2.3263269202429915,2.326779998026913,2.3251926916457637,5.256727289982076,4.620828333941158,3.7110551316583,3.2784418737415333
1.32,2.287610692845288,2.013303693744813,1.6223798600736052,1.4359187421037574,2.3251165827473197,2.329969174875111,2.3305246158184607,2.329019110594647,5.318961556804664,4.690935546087616,3.780996200109647,3.3442821916206773
1.33,2.3103823984929006,2.0400044172542433,1.649986847444238,1.4621965766126745,2.3286766571469317,2.3335948989774007,2.3342469642847146,2.332815001034305,5.380133560453558,4.760543901995867,3.8514767897564193,3.411034108383054
1.34,2.3326363817500564,2.066369562442102,1.6777481841414015,1.4887873193886358,2.332198775683458,2.3372040732654513,2.3379427124928194,2.336593542005872,5.440171713632172,4.829527358211429,3.9224791405114505,3.47869083590372
1.35,2.3544186384959396,2.09255379653434,1.7056766073477199,1.515652304756904,2.3356794411508197,2.3407946008977314,2.341609567872773,2.340346978622205,5.49916720979727,4.898238629015633,3.9940286634621915,3.5471522920796015
1.36,2.377636215170661,2.118432600140136,1.7336922227310192,1.5427955443349886,2.339116334096644,2.3443664125322425,2.3452476701623675,2.3440768343599983,5.561567707445416,4.966382234981881,4.065937646138539,3.61643129562947
1.37,2.400224457919611,2.144313154793598,1.7617266776530456,1.5702061414550135,2.3425081926633737,2.347917163013083,2.348869517747288,2.3477729054137235,5.622545456907694,5.034669659014618,4.1380660917414405,3.6864874348223093
1.3800000000000001,2.4220691651569086,2.169940544962451,1.7897803543279642,1.5978244585885273,2.345854199480798,2.351443558854816,2.3524754318371937,2.3514357200011338,5.681821122516285,5.102492717549865,4.2104143119414035,3.7571815062165355
1.3900000000000001,2.4437903331368025,2.1953174233852843,1.8176565368102449,1.625657491032364,2.3491539444325142,2.3549468309732036,2.3560678824692007,2.355068823075585,5.740839700454368,5.169855809181434,4.282522187738814,3.828535274129598
1.4000000000000001,2.4649685801988475,2.220299503581026,1.8454022691659666,1.6536324763511114,2.352407104248435,2.3584237186516304,2.359649110149888,2.3586850472319467,5.798609599808947,5.236407011755932,4.354501822306057,3.900398195586502
1.41,2.4852852052179486,2.244824331582484,1.8730489538444015,1.6816770045777325,2.3556131127223385,2.3618731865238347,2.3632178944614437,2.3622859837556804,5.854370418266228,5.301990397220959,4.426422804927376,3.9726020171182146
1.42,2.5046482050802874,2.2688960641979996,1.900522816918254,1.709708218987119,2.3587712523609308,2.365293663786922,2.366776676572087,2.365872358382763,5.9078921834207865,5.366605484438614,4.498113076375206,4.044951416201449
1.43,2.522982287861497,2.293389194354345,1.9277830748731266,1.7376667287900702,2.361880801044606,2.3686851707724226,2.37032596240316,2.3694474711635043,5.958983427075665,5.4323169754768506,4.569474272253167,4.11731003625659
1.44,2.5409938709546176,2.3182510855218315,1.9548226241598567,1.765542212994739,2.364941210500798,2.3720480337769962,2.3738640787899126,2.3730112649483863,6.009301121050522,5.4990029292134475,4.640483207898918,4.189651560178419
1.45,2.563678674664477,2.342537130528984,1.9815640008394726,1.7933362437311389,2.367951335540674,2.3753833707284597,2.377391427046565,2.3765654247004835,6.070666341568893,5.564423745172512,4.710953267739854,4.261980911713664
1.46,2.5866199909596435,2.366157340992905,2.0080579979027555,1.8210098352346498,2.370904785419508,2.378690752420331,2.3809080337681294,2.3801133291582364,6.132629714627983,5.628356585791303,4.781001419479016,4.334209781370234
1.47,2.6093511591527876,2.3891914221799166,2.0343458127240477,1.848579336477111,2.3737687763704445,2.381968269874548,2.3844132170246755,2.38365219034517,6.193996308182913,5.690978158289007,4.850721043858025,4.406370184420487
1.48,2.635369772203847,2.4122486551942988,2.060325658846579,1.8759085452670032,2.3762832763680186,2.385214609407573,2.387906532525757,2.387183531867364,6.262385116733796,5.753730733893212,4.919865099890179,4.478137986550654
1.49,2.6548864639319985,2.4346030742984084,2.08606197165494,1.9031012276472197,2.378885567951708,2.3884275891004885,2.3913860602406674,2.3907043614046293,6.315671093598174,5.814873151163185,4.9885795198137854,4.549752405130712
1.5,2.6711518073299243,2.4562239200374103,2.111511153064263,1.9300033480981729,2.3812628820092727,2.3916071562016183,2.3948516335516614,2.3942151893549037,6.360714651006733,5.874322704395062,5.056755934178502,4.620843331522465
