t,"curvature, Tini = 0","curvature, Tini = 0.2","curvature, Tini = 0.4","curvature, Tini = 0.8","diameter, Tini = 0","diameter, Tini = 0.2","diameter, Tini = 0.4","diameter, Tini = 0.8",Tini = 0,Tini = 0.2,Tini = 0.4,Tini = 0.8
0,0.5555830504720661,0.5555830454405543,0.5555830449853327,0.5555830449853337,1.8000001520301252,1.8000001582946057,1.800000159041304,1.8000001590413042,0.04530694319129332,0.045306942938648974,0.04530694292032023,0.04530694292032032
0.01,0.5552852162795561,0.5552794020422323,0.5552793351285047,0.5552793351281354,1.8009446338908721,1.8009635212577246,1.800963738653698,1.8009637386548762,0.045306415605093325,0.04530641635927586,0.04530641636862299,0.04530641636862251
0.02,0.554886925233018,0.5548697067168072,0.5548694685992445,0.5548694685970101,1.8022178299937266,1.8022739747866101,1.802274751142583,1.8022747511498725,0.04530592538089975,0.04530593088683134,0.04530593096036919,0.04530593096037001
0.03,0.5543937680282925,0.5543593487140607,0.5543587841399349,0.5543587841311725,1.8038009378842657,1.803913506753132,1.8039153527762712,1.803915352804835,0.04530542196424663,0.045305436371986425,0.045305436594719375,0.04530543659472063
0.04,0.5538133930971078,0.5537560906838035,0.5537549898574772,0.5537549898304872,1.8056696727628476,1.805857602280111,1.8058612111450294,1.8058612112334012,0.045304880547696456,0.04530490763480962,0.04530490811012,0.04530490811012889
0.05,0.553154963302029,0.553069366673816,0.5530674455391694,0.5530674454638818,1.807795137707223,1.8080766326861617,1.8080829467822068,1.8080829470292032,0.04530428274335278,0.045304325559609615,0.04530432640056246,0.04530432640058417
0.06,0.5524261882374141,0.5523072736631769,0.552304176026125,0.552304175837,1.8101533819122984,1.8105455376691317,1.8105557439000532,1.8105557445216167,0.04530361586191832,0.04530367642646888,0.0453036777190289,0.04530367771906834
0.07,0.5516362082590937,0.5514794539892837,0.551474728032451,0.5514747275880121,1.8127157221411836,1.8132341421730198,1.8132497522616444,1.8132497537245102,0.04530286811916694,0.045302947266368236,0.045302949046914336,0.04530294904695306
0.08,0.5507933905639114,0.5505948415974821,0.550587932849151,0.5505879318623007,1.8154559073973644,1.816114477053238,1.8161373540613424,1.816137357314307,0.04530202943679329,0.04530212675296629,0.04530212896039128,0.04530212896033634
0.09,0.5499052703566791,0.5496615655984858,0.5496518109991142,0.5496518089153589,1.8183502730724013,1.8191610552472612,1.8191934369706535,1.819193443848325,0.04530109096343616,0.04530120490424845,0.045301207327211525,0.04530120732673906
0.1,0.5489785668023177,0.5486869374372154,0.5486735610512758,0.5486735568537683,1.8213776878285308,1.822350910846216,1.8223954282296493,1.8223954421010968,0.04530004516144411,0.04530017324923807,0.04530017547085811,0.045300175469108514
0.11,0.5480192650970797,0.5476775124486661,0.5476596223956574,0.5476596142933609,1.824519289168735,1.8256634026268022,1.8257230945525822,1.8257231213564546,0.04529888582743851,0.04529902493661296,0.04529902627938858,0.04529902627426294
0.12,0.5470325492208152,0.5466390126410162,0.5466155991271678,0.5466155840471267,1.8277587283905126,1.8290804898739608,1.8291588150489326,1.8291588649882828,0.04529760826042818,0.04529775486517827,0.045297754347020186,0.04529775433405763
0.13,0.5460229141136438,0.5455764337005234,0.5455463700361304,0.5455463428847558,1.8310818166626373,1.8325863983827748,1.8326872375492178,1.8326873275616555,0.04529620917311376,0.04529635965475945,0.0452963559485552,0.04529635591893042
0.14,0.5449942642180501,0.5444941356106899,0.5444561817497857,0.5444561343706715,1.8344762110513155,1.8361673304486843,1.8362949806388764,1.8362951378909713,0.04529468649202391,0.045294837349028436,0.04529482875640361,0.04529482869366294
0.15,0.543949962960431,0.5433958932318718,0.5433487012610386,0.5433486209906665,1.837931260800779,1.8398113094446313,1.8399704717715717,1.839970738516533,0.04529303908035908,0.04529318712712086,0.04529317156085062,0.04529317143585924
0.16,0.5428928718897827,0.5422849412207742,0.5422270640087404,0.5422269317471697,1.8414378912113964,1.8435080453734258,1.8437038028944295,1.843704242994965,0.04529126652349764,0.045291409048948496,0.0452913840444672,0.045291383808191206
0.17,0.5418254069156242,0.541164028318207,0.5410939287184655,0.54109371641848,1.8449884337638656,1.8472487701922977,1.8474865628838795,1.8474872703281071,0.04528936902731465,0.04528950384963685,0.04528946656653078,0.04528946613955328
0.18,0.5407495966699876,0.5400354807621414,0.5399515443489247,0.5399512117888684,1.8485764432323526,1.8510260422016438,1.8513116315194798,1.8513127414617498,0.04528734722878081,0.045287472788671845,0.0452874200698481,0.045287419329053405
0.19,0.5396671422787597,0.5389012647568532,0.538801813810364,0.5388013046412848,1.8521965126423412,1.8548335513753078,1.8551729783223398,1.8551746807035645,0.04528520214587584,0.045285317525165326,0.045285245924717464,0.04528524468609844
0.2,0.5385794626741545,0.537763034736392,0.5376463448019063,0.5376455818754291,1.8558441332511892,1.8586659696119638,1.8590655042380901,1.8590680599731155,0.04528293509756557,0.045283039985932895,0.04528294582996274,0.04528294382616295
0.21,0.5374877349020969,0.5366221805386955,0.5364864990461556,0.5364853789926369,1.859515569838303,1.8625188025475832,1.8629848864611516,1.8629886465142826,0.0452805476428459,0.04528064225528304,0.04528052173630664,0.04528051859251416
0.22,0.5363929346185818,0.5354798566722495,0.5353234165058818,0.5353218035407028,1.863207733376147,1.8663883058924213,1.866927508917826,1.8669329362361338,0.04527804153631712,0.04527812659682921,0.045277975816783424,0.04527797102061273
0.23,0.5352958607395237,0.5343370208874612,0.5341580643591275,0.5341557835363377,1.8669181090457674,1.8702713601777963,1.8708903005958977,1.8708979943954507,0.045275418755048494,0.04527549530392464,0.0452753103424054,0.045275303212372844
0.24,0.534197168641188,0.5331944705309338,0.5329912664874732,0.5329880963870913,1.8706446490965578,1.8741653571500252,1.8748706468467495,1.8748813694057003,0.04527268143931703,0.04527275071616394,0.0452725277606398,0.04527251741442555
0.25,0.5330973957360182,0.5320528612750802,0.5318237277103082,0.5318193929597218,1.8743856941692116,1.8780681480702057,1.8788663131102696,1.8788810175997834,0.045269831934469304,0.04526989529796805,0.04526963068068865,0.045269616000466625
0.26,0.5319969784743447,0.5309127341214873,0.5306560561330349,0.530650219854824,1.8781399242679702,1.8819779541157973,1.8828753704395709,1.8828952299299004,0.0452668728643238,0.04526693154441508,0.04526662178800466,0.04526660139351356
0.27,0.5308962720798799,0.5297745300126863,0.5294887789995254,0.5294810353429018,1.8819062941412703,1.885893324571068,1.88689614818307,1.8869225846810318,0.04526380709267031,0.045263862030085096,0.04526350390027958,0.04526347611521633
0.28,0.5297955636906344,0.5286386073203844,0.5283223597311477,0.5283122271086621,1.8856839951147926,1.8898130800623203,1.8909271753829544,1.8909618877473744,0.04526063779433313,0.045260689373645246,0.045260279885660365,0.04526024272315406
0.29,0.5286950919182024,0.5275052622136376,0.5271572142123712,0.5271441296309629,1.8894723907862856,1.8937362509330873,1.8949671315300858,1.8950121197538143,0.04525736847355677,0.04525741636892422,0.04525695277557275,0.0452569039173851
0.3,0.5275950412120323,0.5263747209471391,0.5259937061718536,0.5259770187233804,1.893271047554144,1.8976621081242342,1.8990148690739204,1.8990724629781697,0.04525400312663411,0.04525404594852533,0.04525352582159378,0.045253462618630357
0.31,0.5264955627147054,0.5252471668145539,0.5248321573394167,0.5248111252847915,1.8970796585736456,1.9015900727767903,1.903069364626809,1.903142239339101,0.04525054612416336,0.045250581230154206,0.0452500021185029,0.04524992157361291
0.32,0.5253967784857706,0.5241227359873775,0.5236728703751815,0.5236466592154321,1.9008980396079007,1.9055197336456438,1.9071296606673025,1.9072208509435005,0.0452470024159357,0.04524702549355916,0.04524638513064858,0.045246283932845424
0.33,0.5242987927453642,0.5230015372477482,0.5225161085039973,0.5224837880748571,1.9047260928451153,1.9094507872839765,1.911194927249805,1.9113078440235989,0.04524337758620138,0.045243382384676005,0.045242678354745346,0.04524255287631852
0.34,0.5232016927247465,0.5218836516799491,0.5213621231628817,0.5213226690413694,1.9085638061218138,1.9133830377444252,1.9152643676504642,1.9154027988139846,0.045239677871908975,0.04523965582953351,0.04523888541995181,0.045238731708910365
0.35000000000000003,0.52210555812744,0.5207691357200381,0.5202111388077257,0.5201634345437394,1.9124112268410982,1.9173163888768758,1.9193372763933643,1.919505386751914,0.04523591032921887,0.0452358500649941,0.04523501011414192,0.04523482394031323
0.36,0.5210104618558624,0.5196580339227822,0.5190633696828495,0.5190062097655332,1.9162684602801812,1.9212508064485811,1.9234129799156823,1.9236153055414915,0.04523208283521061,0.0452319698103835,0.0452310564004647,0.045230833236831
0.37,0.5199164770684322,0.5185503757935502,0.5179190082708063,0.5178511023412047,1.9201356533108365,1.9251863302430394,1.9274908801914206,1.9277323189595377,0.045228204297594304,0.045228020248904495,0.04522702841380197,0.04522676344172946
0.38,0.5188236795978766,0.5174461822862808,0.5167782328928422,0.5166982119272479,1.9240129858424673,1.9291230530888726,1.9315704298435665,1.931856221258529,0.045224284654135104,0.04522400707160227,0.04522293050256753,0.045222618546018695
0.39,0.517732150263924,0.516345466488387,0.5156412115889124,0.5155476348987905,1.9279006701620998,1.9330611216805216,1.9356511217113956,1.9359868278331474,0.04522033505288469,0.045219936535352986,0.04521876729802827,0.0452184028666144
0.4,0.5166419815249224,0.5152482439506874,0.5145080975710266,0.514399458559243,1.93179893441935,1.9370007110348302,1.9397325075906657,1.9401239871926954,0.045216368043643956,0.045215815751950945,0.045214543730717205,0.04521412080817732
0.41000000000000003,0.5155532760446718,0.514154525389074,0.5133790331961692,0.5132537692995589,1.9357080251613397,1.940942036955306,1.9438141831837443,1.9442675595404797,0.04521239751783357,0.04521165233236017,0.04521026500052058,0.04520977706617548
0.42,0.5144661548207842,0.5130643306696244,0.5122541796309518,0.5121106923957611,1.9396281931935067,1.9448853274252356,1.9478956806687668,1.9484172556256802,0.04520843909689132,0.04520745493843602,0.04520593667892846,0.04520537639761016
0.43,0.5133807765739502,0.5119777161930291,0.5111336764873281,0.5109703069319517,1.943559619866813,1.9488307086826162,1.9519766418165219,1.9525729917275703,0.04520451014028561,0.04520323306370257,0.04520156517974429,0.045200924386151274
0.44,0.5122972839447987,0.5108946814665752,0.5100176082097744,0.5098326682405274,1.9475026286137718,1.9527785757351492,1.9560569161511474,1.9567347591192013,0.04520062995841897,0.04519899740039562,0.04519715700125248,0.04519642632203806
0.45,0.5112158544101508,0.5098152538494125,0.5089060787638897,0.508697852313891,1.951457502860583,1.956729262411155,1.9601363143310127,1.960902495238177,0.04519682004741515,0.04519475961477871,0.04519271956658015,0.04519188813464936
0.46,0.5101366970193424,0.5087394817405941,0.5077991855302687,0.5075659363673959,1.9554245051468397,1.960683089508597,1.9642146914759016,1.9650761416763942,0.0451931042828752,0.045190532890445584,0.04518826084547355,0.045187316029602055
0.47000000000000003,0.5090600464736752,0.5076674239387792,0.5066970277627578,0.5064369987859796,1.9594038966972631,1.9646403940033605,1.9682919267599774,1.969255635286847,0.04518950888001985,0.045186331675608385,0.045183789621434926,0.045182716280534635
0.48,0.5079861715757037,0.5065991537451784,0.5055996989469418,0.5053111225508513,1.9633959238662646,1.9686015161468258,1.972367949120573,1.9734409188057884,0.045186062856703756,0.04518217175818419,0.045179315393014605,0.04517809577947147
0.49,0.5069153795135604,0.505534769749704,0.5045073032621336,0.5041884081797491,1.967400813868986,1.9725667826690594,1.9764426983325563,1.9776319073735997,0.04518279835233108,0.045178070855761136,0.04517484893819841,0.04517346243296771
0.5,0.5058480170792431,0.504474389566279,0.5034199467024584,0.5030689391196308,1.9714187899311635,1.9765365402380721,1.980516177352257,1.9818285649846137,0.04517975112392747,0.04517404884468688,0.04517040271671684,0.04516882382452805
0.51,0.5047844657603539,0.5034181562566111,0.502337724445737,0.5019528029335625,1.9754500533763553,1.980511126286775,1.9845884166437848,1.9860308323674003,0.04517695973904763,0.04517012768377856,0.045165988913696414,0.04516418745181203
0.52,0.5037251513223405,0.5023662272313361,0.501260747222335,0.5008400993476998,1.979494787984725,1.9844908762763511,1.9886594680815746,1.9902386545011048,0.04517446657228312,0.04516633060977563,0.04516162165335876,0.04515956208219553
0.53,0.5026705473345942,0.5013187955464734,0.5001891338478326,0.4997309259346708,1.98355316095185,1.988476117070392,1.9927294055823097,1.9944519639122071,0.045172318191854945,0.04516268391422025,0.04515731634964298,0.04515495609650771
0.54,0.5016211767183549,0.5002760783941838,0.49912300899431494,0.4986253871535994,1.9876253176988352,1.9924671792559887,1.9967983447636777,1.998670710276349,0.04517056543404691,0.045159216220945604,0.04515308995005888,0.04515037897268222
0.55,0.5005776162745065,0.4992383294903402,0.4980625126889222,0.49752358706384825,1.9917113780055047,1.9964643767581727,2.000866412897479,2.0028948343743034,0.04516926378027516,0.0451559591654684,0.04514896111314474,0.04514584004386124
0.56,0.499540498980518,0.49820583521988976,0.49700779631244474,0.4964256358897304,1.9958114436402017,2.000468016899709,2.0049337542485013,2.0071243038413997,0.04516847380016864,0.04515294731153222,0.04514494997720428,0.04514134989644184
0.5700000000000001,0.4985105165383767,0.49717892264272817,0.4959590297783213,0.4953316335302013,1.9999255874799544,2.004478399907346,2.0090005675952365,2.011359200422819,0.04516826120286608,0.045150218897825986,0.04514107965785678,0.045136920822692335
0.58,0.4974884240727336,0.4961579561994955,0.49491638286513434,0.49424172118221216,2.004053887900926,2.008495822973593,2.0130671470903003,2.015599339066534,0.04516869810834267,0.045147815671406716,0.04513737546847362,0.045132562981785744
0.59,0.4964750455551217,0.49514333907740987,0.49388008120170124,0.4931560274726668,2.00819635418268,2.0125206228450914,2.0171335990067734,2.0198446460896515,0.045169861939009334,0.045145784002022224,0.04513386368119414,0.045128288012321924
0.6,0.49547127595173357,0.49413553769560326,0.4928503539755602,0.4920747056081055,2.012352960538334,2.016552993178863,2.021200151574777,2.024094984240999,0.04517183647412306,0.04514417306749921,0.045130573744956964,0.045124108501266545
0.61,0.4947635254614303,0.4931350626523529,0.49182747431107005,0.4909979047665764,2.01652365243744,2.0205931691668537,2.0252669619710297,2.028350229849989,0.045200722364064944,0.045143037321922756,0.04512753766755288,0.04512003711389454
0.62,0.49606763379808316,0.49214248008135847,0.49081173297886965,0.4905490325331561,2.0207083497027494,2.0246413539212806,2.0293342442045397,2.0326101193431696,0.04541392274349572,0.04514243593589669,0.045124790498576,0.04517327470223785
0.63,0.4990935289780956,0.49188500516040307,0.4902145187621689,0.49149515330550575,2.0249068134851234,2.028697690185806,2.0334018982074378,2.0368731084260885,0.0457883001915941,0.04520902298897744,0.04516009530840259,0.04535516116396646
0.64,0.5031272810091816,0.4934529013952873,0.49100999048879684,0.49357749062294126,2.0291186333269566,2.0327618115156567,2.037469248605121,2.0411396858200668,0.04626175794983597,0.045444096877182524,0.045323627421052406,0.045643961536984544
0.65,0.5078480852747191,0.49621908603329457,0.49308852200067427,0.49627553975297783,2.0333440689435824,2.0368341213619137,2.0415376666800418,2.0454101187071845,0.046807367178457425,0.045792791269225634,0.04560737826242364,0.045993391698348964
0.66,0.5136640612881304,0.49981184304422155,0.49586831594505704,0.4994456704218876,2.0375828043062,2.0409150372054894,2.045607234094734,2.049684255904293,0.0474674292210444,0.046223310309714674,0.04595958994832074,0.04639151815334919
0.67,0.5201594076919107,0.5039067459238962,0.4991823080259926,0.5030277626716955,2.041834620656985,2.0450046251624774,2.0496782250856485,2.0539617720772014,0.0482063234155541,0.04670738750386631,0.04636634273207168,0.046834050426260564
0.68,0.5273725304132018,0.5090046411712728,0.5030145378135885,0.5073137115963865,2.046099239183235,2.0491029590932506,2.0537508465413574,2.058242437850126,0.04903171089941315,0.04729542809315756,0.04682780964456115,0.04735087634481102
0.6900000000000001,0.5351166031415758,0.5147345917336464,0.5075728227336355,0.5119805720607483,2.0503763186608057,2.0532101233021014,2.0578253315403057,2.062525949749172,0.049928956626249014,0.04795528390122212,0.047366106916654084,0.04791285942636169
0.7000000000000001,0.5437536401474165,0.5209954987003836,0.5126707491203238,0.5169119658033374,2.054665490438711,2.0573260819993315,2.061901792608573,2.066811959642621,0.05093969878859795,0.048680003734790984,0.04796576145614137,0.04851002850000333
0.71,0.5527584746170296,0.5277205297634432,0.5181481235145734,0.5222967924452754,2.058966421376118,2.061450820940289,2.0659804269740674,2.071100086997739,0.05201446511194501,0.04946575619171566,0.04861317565683491,0.049162918437296525
0.72,0.5621928066950677,0.5351302663527661,0.5241162897344623,0.5278300620826336,2.063278595079402,2.0655843244356196,2.0700614162567987,2.0753899389673833,0.05316344845626548,0.05033835978653092,0.04932167431787999,0.04984229481659468
0.73,0.5727765110340032,0.5431589822233761,0.5303721079254169,0.5337101371771643,2.0676014187621927,2.069726565316734,2.0741448978202213,2.0796812304345598,0.05447186030275511,0.05129541087041403,0.0500728686935092,0.05056995734160081
0.74,0.5837087376675874,0.5514841730058849,0.5373812597729117,0.5400800628083057,2.071933820680199,2.073877308146157,2.0782311181358444,2.083973834144864,0.05585821425377962,0.05230653047521482,0.05091783082538046,0.051363275671357476
0.75,0.5953169352906511,0.5602866236337128,0.5447197270391317,0.5466458919300702,2.0762759399858557,2.078035880120502,2.0823199750757526,2.08826695768316,0.05736606613378688,0.0533944294880961,0.05181561155300928,0.052193254919129455
0.76,0.6074486527657155,0.5700879382400007,0.5522951433826343,0.5533407412139477,2.08062696575396,2.082201904818021,2.086410151292317,2.092560052352515,0.05898509376979674,0.05462266506393306,0.05275850071790176,0.05305395672813844
0.77,0.6201956828538603,0.5802098269964098,0.5603309783199413,0.5601892086008906,2.084986272694883,2.0863758865783946,2.0905026293518993,2.0968496603640476,0.060734396524412856,0.05592136508177293,0.053773678500528076,0.053949221876683835
0.78,0.6335753388998989,0.5908480641863418,0.5692156171445938,0.5675897500401036,2.0893531701747325,2.0905574146566783,2.094597834099126,2.101138154374844,0.06262555111683135,0.0573178743455783,0.054909617513411856,0.054926459834213855
0.79,0.6473349498612769,0.602091277322227,0.5783908603864945,0.5753957777191796,2.093726573228409,2.0947461391275537,2.0986956860022485,2.105425107800717,0.06463480889579817,0.05882924500749723,0.0561079279247686,0.05597266430197376
0.8,0.6616833931122772,0.6138031770840282,0.5878622971197786,0.5833384579836273,2.098105556272382,2.0989417028399107,2.102796198637772,2.109709881801676,0.06679928122247154,0.06044584271938862,0.05737251296729636,0.05705898891817964
0.81,0.6769822724193613,0.6261872950011396,0.5980096689130125,0.5914467278065106,2.102489821484025,2.1031425944429003,2.106899162104053,2.113992400410845,0.06918326885559886,0.06220105051902579,0.058753856129845,0.05819064509339336
0.8200000000000001,0.692781112208569,0.6389884916744896,0.6084989456429678,0.599849275731924,2.1068783542021468,2.1073493193037436,2.1110025526645506,2.118272004036868,0.07173768815607902,0.06407041287368118,0.060216930138071535,0.05938577052291279
0.8300000000000001,0.7090164350929546,0.652152229023333,0.6195176054260023,0.6086444431526852,2.11127020574017,2.111561524233338,2.1151081967538063,2.122545958319067,0.07446550451802479,0.06605384689971379,0.06179098512316442,0.060660122373586985
0.84,0.7256643672690256,0.6661103821991018,0.6310851457251558,0.6176038046070144,2.1156644959894786,2.1157786908856315,2.1192159949726515,2.126813833540888,0.07737572141621851,0.06822102959793176,0.0634858122480734,0.06198788929700844
0.85,0.7427285416193695,0.680801821675383,0.643008923621386,0.6268495967213353,2.120060129798301,2.1200000084494945,2.123325755949871,2.131078167518205,0.08048250930564832,0.07057744266593804,0.06528276890568288,0.06338810380236605
0.86,0.7603799520440188,0.6959857074376906,0.655265143101847,0.6365258834801736,2.124456105771273,2.1242251336943907,2.1274371037814253,2.1353373576086354,0.0838311409287201,0.07310092709191517,0.06718473708425655,0.0648844642241156
0.87,0.7787122008652899,0.7115793587349074,0.668114820676833,0.6464642890825831,2.128851392817332,2.1284531915128633,2.131549882246935,2.139591448431899,0.08745927620075598,0.07579058480169241,0.06923668028422317,0.06645866539500243
0.88,0.7979390218466661,0.727583896126873,0.6817740413587139,0.6566106751675944,2.1332448492955542,2.132683480852539,2.135663777875548,2.143840226066223,0.09143332564296026,0.07865859246744496,0.07148236969380559,0.06810693851038614
0.89,0.817633069802112,0.7440084470201619,0.69590855652473,0.6669796178703248,2.137634962018787,2.1369153063197506,2.1397784228642567,2.1480831221814913,0.09569937358936174,0.08171959019804262,0.07388433503375634,0.06983521369463132
0.9,0.8377699974536517,0.7610890862690408,0.7104385818524537,0.6775701213326979,2.142019823245,2.1411478042234444,2.143893332222279,2.1523200350502396,0.10027642862504887,0.08503091894506917,0.07644069835711077,0.07164751448896643
0.91,0.8583537271772579,0.7787563080060477,0.7253705574155387,0.6884163638207272,2.146399562748311,2.14537866282791,2.148008121008579,2.156550279832773,0.1051913193754661,0.08860053389526908,0.07916328078252592,0.07355366080343462
0.92,0.8794054660631898,0.7973300665810376,0.7407028844999518,0.6999115646812315,2.1507723766870135,2.149607070677921,2.1521192425366373,2.160772132022071,0.11047748019816458,0.0925137299640051,0.08206336128588858,0.07562297359872215
0.93,0.9010245514406394,0.816385415787197,0.7564540599905772,0.7118815696850053,2.155136958426054,2.153833445056618,2.1562272315095035,2.1649770812516715,0.11619177142582242,0.09671504061884748,0.08515708078842968,0.07783708586629119
0.9400000000000001,0.9232495647416401,0.835913133329702,0.7729080964200743,0.7241566366836755,2.1594920886390847,2.158055724484361,2.160333085331085,2.1691743942019737,0.12238365794693687,0.10122622254175556,0.08851301907411187,0.08017668408285598
0.9500000000000001,0.9460223209121873,0.8559049938396321,0.7899120453535463,0.7367429680820088,2.163836715556153,2.1622728075961097,2.1644344802667392,2.1733621403864745,0.12908208869932378,0.10607122589072339,0.09212290266851679,0.082650427013849
0.96,0.969246077994947,0.8763650426621484,0.8078026246466209,0.7496911782270624,2.1681693988456114,2.1664842303085687,2.1685312282221103,2.177538884048792,0.1363057334870375,0.11127913358464739,0.09607757466148553,0.08527594485846889
0.97,0.9929373849980488,0.8973807593667181,0.826200866013349,0.7629805514608904,2.1724886234124905,2.1706888141702954,2.172623019830016,2.181704782604786,0.1441069726523546,0.11690306570657565,0.10032688824574577,0.08805917528577718
0.98,1.0171545728216005,0.9190201683706591,0.8450937781429443,0.7766459887525062,2.1767932635544254,2.1748846921685048,2.1767088453660755,2.1858576168081485,0.15255816587055568,0.12299867866374108,0.10489226951208187,0.09101717881053052
0.99,1.0418483777998941,0.9412446922662635,0.8644706582254068,0.790744806278502,2.18108221622075,2.1790712442841933,2.1807866635763986,2.189996286116605,0.16170402945165774,0.12959963395755134,0.10979739449840027,0.09417350754505817
1,1.067111460953912,0.9639762067769302,0.8843341345565833,0.8052501852673555,2.1853544643423732,2.183247001459421,2.1848569540764813,2.194119962283203,0.17164484920457715,0.13673009589739743,0.11507157204389598,0.09753645669029871
1.01,1.0928131270331667,0.9872086533741694,0.9047056915449551,0.8202435956794005,2.1896088663233964,2.1874110812418985,2.188918271398996,2.1982290078760993,0.18240765207876136,0.14443677443650518,0.12075184056869662,0.10113881531925052
1.02,1.1189744745877248,1.0109481436291323,0.9256727761530572,0.8358205883547992,2.1938444937382786,2.191561980952659,2.192969325460091,2.2023222114991943,0.1940792743890766,0.15277499729150276,0.1268978865687613,0.10502064641189596
1.03,1.145512543233518,1.0352154384474077,0.9472862331683739,0.8518594515690359,2.1980601005008404,2.195699299561267,2.197008694929298,2.206398597239441,0.20670985279229734,0.16181157319603667,0.1335674785733228,0.10917501270529507
1.04,1.172420053733243,1.0600627188780758,0.9694881752280187,0.8685395193749799,2.202255072564844,2.1998220323713613,2.201036715542931,2.210455576563726,0.22038559732886212,0.17163326863779627,0.1407928675339334,0.11366763877237146
1.05,1.199684000806239,1.0853851415322477,0.9921938417794793,0.8859667228303716,2.2064285435792734,2.203928606222256,2.2050528309331714,2.214492006554157,0.235198006309738,0.18227601040034472,0.14859887422948867,0.11855499462020376
1.06,1.2272827552396617,1.1112147175611902,1.0153934567819183,0.903876745846433,2.2105803318377397,2.208018539977604,2.209056033912223,2.218509781801043,0.2512423062707487,0.19383231217172575,0.1570354787721307,0.1238003415290597
1.07,1.2551973652242452,1.1374490894677103,1.0391234539154983,0.9222797540063139,2.2147085282634764,2.212091021965107,2.2130445425645164,2.2225095208224888,0.26862249406637295,0.20634543544720882,0.16617429468348702,0.12943596122315165
1.08,1.2834054573492928,1.1640781986013757,1.0633822840539247,0.9411933612249498,2.2188131264091466,2.21614642120287,2.2170184006521603,2.226492033101963,0.2874496148064734,0.21990122111469704,0.1760818259972603,0.1354998098687135
1.09,1.3118872144975409,1.1910884262101438,1.0882586589931047,0.9605941552683044,2.2228937458291167,2.220181838247436,2.220976964824412,2.2304488672511917,0.3078450589679063,0.23459100846084943,0.18686905485509073,0.14201985365022554
1.1,1.3406213473610893,1.2184499811230616,1.11363778741089,0.9804932671021288,2.22695073735661,2.22419703302749,2.2249219971188983,2.2343852071618575,0.3299392065064879,0.25050616967590517,0.19857521133835163,0.1490393505151267
1.11,1.369579129539957,1.2461481630186841,1.1395055017194857,1.0009148348145582,2.230983420858025,2.228191259684113,2.228848578339103,2.238302292372092,0.3538662611240066,0.2677536019423009,0.21128246486775334,0.15661032066186437
1.12,1.398737884147187,1.274162449057643,1.165793354039401,1.0218919833936748,2.2349914385670866,2.2321652673044903,2.232756054718052,2.2422064413097087,0.3797745976417843,0.2864465281311849,0.22505456559124298,0.16479520220998362
1.1300000000000001,1.428075295086466,1.3024799512612701,1.1924693204740617,1.0434119050192048,2.2389751838821996,2.2361190623764293,2.2366451055138756,2.246080781303122,0.4078240629625836,0.30671254214514765,0.23997659214922476,0.17364242284623752
1.1400000000000001,1.4575667867482145,1.331073329521622,1.2195320691627263,1.0656359115007272,2.242934280138207,2.24005012243778,2.240517102119659,2.249929888749821,0.43818326159989845,0.3286790331779026,0.25615767537240486,0.1832803237507409
1.1500000000000001,1.4871821558748415,1.3599219945365142,1.2469784484050683,1.0884794619557485,2.2468693820532937,2.2439599819074023,2.2443716957125974,2.2537523242784117,0.47102669435871,0.3524896467911242,0.273716760663319,0.19375100088382619
1.16,1.5168905789830465,1.38899898043741,1.2747699392777567,1.111867562071857,2.2507814501379957,2.2478474650248996,2.248204644779908,2.2575556649733284,0.5065382777198999,0.37829282077374304,0.29276036727850124,0.2051032744757591
1.17,1.5466649509841277,1.4182822437101346,1.3028771575683935,1.1357478892007762,2.2546700858317816,2.2517126210904377,2.252020208438945,2.261342124671173,0.5449150519584525,0.40625244219817264,0.3134113060448807,0.21739701879880757
1.18,1.5764761151349544,1.447735500835687,1.3312859231207204,1.1601273062352215,2.258536272996718,2.2555564249271445,2.2558152434844914,2.265099998311105,0.5863630906433654,0.43653118990591755,0.3358100912534621,0.2307223584451649
1.19,1.6062947785041635,1.477324420785374,1.359978950452401,1.1849613148995533,2.2623808964111776,2.2593792442502343,2.2595884813117766,2.2688410002600987,0.6310981124222838,0.4693021715997947,0.36010782051127294,0.24515717408362322
1.2,1.6360888209470963,1.507025489081483,1.388920630309474,1.210296773548592,2.266204982539384,2.2631802726185812,2.263342920681716,2.2725530403639045,0.679341097853889,0.5047589931047003,0.3864545984758622,0.26083142807911724
1.21,1.6658260113385068,1.5368109103908247,1.4180778923695299,1.2361015378376419,2.270009633736146,2.266960672836018,2.26707856615987,2.276236647144829,0.7313205047326669,0.5431038816367685,0.41501086960051137,0.27784692617696416
1.22,1.6954769756013859,1.5666500745560565,1.4474246681142355,1.2623842161369976,2.2737956454645407,2.2707212108810255,2.270793156271667,2.2799031873747366,0.7872759961222777,0.5845464638514541,0.4459526352246301,0.2963450588756914
1.23,1.7250103383562945,1.596511368242776,1.4769358813027806,1.2890950257745315,2.2775643356962716,2.274463213502169,2.2744875916287395,2.2835456239355993,0.8474507640982366,0.6293056657602573,0.479470827192096,0.31643505457237636
1.24,1.7543962735498149,1.6263608543235921,1.5065819247070766,1.3162871202725137,2.2813167319995173,2.2781869058051645,2.278163513293338,2.287160378164587,0.9120951266451327,0.6776051334196739,0.5157647173753284,0.33831264885025814
1.25,1.7836007144783375,1.65617124623701,1.536327735887406,1.3438346021463987,2.285054106900719,2.2818934561886164,2.2818222276720843,2.2907467993624318,0.9814537142711454,0.7296880002583779,0.5550385070973807,0.3620547815044765
1.26,1.8125931111953633,1.685909539264018,1.566151827220495,1.37175843110064,2.2887776948055176,2.2855841293619186,2.2854628006169255,2.2943107709619506,1.0557781948221963,0.7857972466538613,0.5975228095109252,0.3878624864325972
1.27,1.8413444325452215,1.7155442800546,1.596018768850203,1.4000418932313328,2.2924886034108654,2.2892596315670533,2.289086676228267,2.2978553946174523,1.13532228746735,0.8461841296414475,0.6434446539858345,0.41592482459043917
1.28,1.869823276773998,1.7450383650052388,1.6258951659423369,1.4286162464372172,2.296188052886959,2.2929214036588075,2.2926955587461935,2.30137552623561,1.2203299913895558,0.9110944180413231,0.6930438984448587,0.44639007736418584
1.29,1.8979998890991479,1.7743592669644437,1.6557457594468747,1.4574669551403079,2.2998767768274906,2.2965707320502045,2.2962890445834874,2.3048755988617864,1.3110407732015548,0.9807840250859547,0.7465641628005991,0.47947451212936176
1.3,1.9258454428061431,1.8034794795360547,1.6855278542062595,1.486533339604583,2.3035555836483916,2.300208865639833,2.2998693107020434,2.3083561172610034,1.4076863368541161,1.0555214662384385,0.8042454438267509,0.5153565775910586
1.31,1.9533305733338737,1.832362585941338,1.71520867528133,1.5157919957319113,2.307225069486694,2.303836936360482,2.303437070963861,2.3118162852943884,1.510481849524214,1.1355533260479642,0.8663473835273312,0.5542652360516945
1.32,1.9804267176686206,1.8609789192867765,1.7447602544274137,1.545217487081316,2.310885648491269,2.3074558499972193,2.306993891919746,2.315255991308862,1.6196257718489124,1.2211366823349301,0.9331462739014939,0.5964436453793984
1.33,2.007103057221979,1.8892995804169466,1.7741446661548064,1.5747668826028767,2.314537492603481,2.31106630852403,2.3105411127377256,2.318677769324821,1.7352833518249613,1.3125240574325667,1.004901602615949,0.6421280119154663
1.34,2.0334103339462546,1.917292322988478,1.8033270050087182,1.6043924669246132,2.3181803098969427,2.3146693830856084,2.3140797641309487,2.322085417971185,1.8579379354411156,1.4099486372219452,1.081877511284819,0.691558031596156
1.35,2.059430450606492,1.9449266406005046,1.8322785037606746,1.6340525432795907,2.321813659562742,2.3182656541464866,2.3176102962384704,2.3254804678617362,1.9882784998998442,1.5136320117692652,1.16434996771601,0.7449879096696408
1.36,2.085341313849621,1.9721743534713803,1.860963503716097,1.6637172478429045,2.325436455139829,2.3218554647403167,2.3211339139938723,2.3288616508869824,2.1275778018585845,1.623784015975901,1.2525743818976536,0.8026975662518686
1.37,2.111070050571147,1.9990033626684207,1.889348525528092,1.6933478972981768,2.329047247275029,2.325439222450333,2.324651814423035,2.332229194153169,2.2760405395655985,1.7405762962596056,1.346802030194088,0.8649624699907792
1.3800000000000001,2.1363386149416232,2.0253842492623773,1.917402795321914,1.7228909533926833,2.3326441114242478,2.3290167976355867,2.328164716840558,2.335586900870718,2.4326303681050967,1.8641578123853348,1.4472786121850143,0.9320367629497017
1.3900000000000001,2.1611163686436052,2.0514406667127387,1.9450988150569937,1.752311346171957,2.336224832664178,2.3325876263159175,2.3316733791327904,2.3389353981585135,2.5973953760769724,1.9953521540264687,1.5542460373851739,1.0042072998734777
1.4000000000000001,2.185367764175124,2.0772611334999738,1.9723976648895547,1.781581336146192,2.3397869446292727,2.336150789958604,2.3351788375017763,2.3422766485450683,2.7702855502208843,2.134965902344379,1.6678856125313501,1.0817842907138826
1.41,2.209240772613517,2.1029395500944976,1.9992750311690364,1.810654228150288,2.3433280925251285,2.339704763294968,2.338680830163054,2.3456135549867656,2.9524383946802804,2.28396534801238,1.7884004685946242,1.1650343117400201
1.42,2.2332463322253537,2.128329190157963,2.0256937293484736,1.8394966335743355,2.346846155264017,2.343247769268427,2.342179411683342,2.3489475092795837,3.1479171323935287,2.4420993650379432,1.9159116849452182,1.2542483558778605
1.43,2.25722364461485,2.1532296512352693,2.051764787351101,1.8680488309696883,2.350339451930121,2.3467777413086757,2.3456737015867617,2.352279937074709,3.3564948214246355,2.608582199675071,2.0512023661937233,1.3496283042350503
1.44,2.2806098770166225,2.1776046643002696,2.0775337169216757,1.8963053429776302,2.353806635328518,2.3502923252269654,2.3491626961827334,2.355611065350896,3.574302666848267,2.78337151387727,2.194864131740755,1.4515229084758732
1.45,2.303341799477608,2.201491582819519,2.103144405096366,1.9242912914312391,2.3572464255590084,2.3537892606358017,2.3526449965877716,2.358941774237188,3.800754734818951,2.966855633712919,2.3481026041210455,1.5604067913210913
1.46,2.325349013590477,2.225364644209233,2.128520977153659,1.951956029782147,2.36065739274585,2.357266421889763,2.3561190362570352,2.3622715474773632,4.0350059544644505,3.162721180268817,2.5110581326998553,1.6764955437599434
1.47,2.3480692143762183,2.2493307884475966,2.1533975993565106,1.9792315449692381,2.364037816414835,2.3607221977789297,2.359583011928188,2.3655998765865913,4.291257682773307,3.3726559854890144,2.68257145101227,1.7998896118893468
1.48,2.3709086923150826,2.272810467064669,2.1777400472537836,2.0060928011706953,2.367385745849941,2.364155337145906,2.363034552584116,2.3689275228035442,4.565421673137254,3.592802123411983,2.862600324094363,1.9308182711793038
1.49,2.393013221641567,2.2956334516969177,2.2015543492700362,2.0326854247207655,2.3706988683611,2.3675648045433193,2.3664715074656395,2.3722553723060464,4.848983882792072,3.821780456598001,3.0513102162118604,2.0703224265787354
1.5,2.4143510913444923,2.317745505432748,2.225267276222668,2.0589754926895703,2.3739745841429625,2.3709493116275446,2.3698915511561935,2.3755825016369227,5.141082013763413,4.058902222119435,3.252088985943186,2.2187003344337834
