t,"curvature, k3 = 0","curvature, k3 = 0.06","curvature, k3 = 0.13","curvature, k3 = 0.21","curvature, k3 = 0.28","curvature, k3 = 0.33","diameter, k = 0","diameter, k = 0.06","diameter, k = 0.13","diameter, k = 0.21","diameter, k = 0.28","diameter, k = 0.33",0°: κ = 0 (radially aligned),30°: κ = 0.06,45°: κ = 0.13,60°: κ = 0.21,75°: κ = 0.28,90°: κ = 0.33 (isotropic)
0,0.5555818145198359,0.5555827166443964,0.555583031,0.5555830563260828,0.5555830598925123,0.5555830608118457,1.8000004380421553,1.800000274,1.8000001685886808,1.800000136094552,1.8000001245902144,1.800000121602873,1.00004750950396,1.000049042189578,1.0000495494650101,1.0000495769987763,1.0000495770267348,1.0000495770218187
0.01,0.5551432542356658,0.555207031658476,0.555272207,0.5553268440578828,0.5553595171242477,0.555368358108223,1.8014072283863114,1.801199277,1.800986959596326,1.8008096986936541,1.8007037178515328,1.8006748701058606,1.0000390709700282,1.000038504008563,1.0000380038332717,1.0000379667243737,1.0000379472298648,1.0000378460974295
0.02,0.5545309811469564,0.554686250934626,0.554847833,0.554996828453004,0.5550888675719989,0.555115114793922,1.80338227836506,1.802873682,1.8023457515163426,1.8018603955348445,1.8015607929877109,1.8014748535342053,1.0000313442048103,1.000029243577285,1.0000276345455992,1.000026804836914,1.0000263404416607,1.0000259201180042
0.03,0.5537826524896576,0.5540373114073646,0.554316904,0.5545922670499907,0.554768847650363,0.5548217242855504,1.8058066509570763,1.804969571,1.8040534224095675,1.8031536818830176,1.8025772845476244,1.8024036715927858,1.000024397050475,1.0000204882889443,1.0000173077606755,1.0000150882750405,1.000013722949206,1.0000127129317165
0.04,0.5529271842733295,0.5532807901470458,0.553688918,0.5541145621181527,0.5543984557724474,0.5544875086726291,1.808587437395553,1.807421094,1.8060797815515983,1.8046852145719094,1.803756240198013,1.8034631047061416,1.00001715927124,1.000011371016758,1.0000063600689808,1.000002357433618,0.9999996741556941,0.9999977639115133
0.05,0.5519916175103469,0.5524360614988364,0.552974327,0.5535661083968286,0.5539772512655573,0.5541120858913751,1.81163764434358,1.810166515,1.8083920237470212,1.8064479492665662,1.805099417148247,1.804654488536189,1.0000087936438473,1.0000012602036743,0.9999943622836772,0.9999883612969247,0.9999840133728455,0.9999808629560203
0.06,0.5509961686822831,0.5515210242680265,0.552183798,0.5529500543849224,0.5535051175411299,0.553695204749589,1.8148923645816244,1.813148729,1.8109567433496543,1.808432628073526,1.806607768126471,1.8059789662992813,0.9999987394552043,0.9999896441683503,0.9999809725565233,0.9999729200447243,0.9999666450475606,0.9999618935185317
0.07,0.5499591142882211,0.5505508815189659,0.551327832,0.5522699409252564,0.5529822859674657,0.5532367632685402,1.8182924744751132,1.816319185,1.8137410258910434,1.8106288391629661,1.8082812558590582,1.8074373303243307,0.9999865187792711,0.9999761284215597,0.9999659076139649,0.9999558820420968,0.9999475025370617,0.9999407784393641
0.08,0.5488927205931965,0.5495378224906364,0.550415993,0.5515295566496401,0.5524093264429057,0.5527368109039609,1.821798320089001,1.819638931,1.8167148831710924,1.8130254168157545,1.8101188167088869,1.8090299561760566,0.9999718362857668,0.9999604158609294,0.9999489264184959,0.999937104330922,0.9999265163197858,0.9999174488064856
0.09,0.5478056349997934,0.548491490012818,0.549456808,0.5507334769334401,0.5517870749635169,0.5521954654069163,1.825381927096482,1.823077127,1.819851542281166,1.81560862552321,1.812118602052303,1.810757073609515,0.9999545056902349,0.9999422897965174,0.9999298194556865,0.9999164510847417,0.9999036229134175,0.9998918450006721
0.1,0.546704071001998,0.5474196644003895,0.548457884,0.5498864052722854,0.5511166875563154,0.5516129925659405,1.8290236170654575,1.82660882,1.8231270668917734,1.8183642637622013,1.8142777526876068,1.8126184750477337,0.9999346574084851,0.9999215872351914,0.9999084133705884,0.9998937884757827,0.9998787453683098,0.999863901401392
0.11,0.545592396293892,0.5463282371761545,0.547425764,0.548992947861316,0.5503995995626308,0.5509898110956784,1.8327092363557218,1.83021513,1.826520856302113,1.8212783910618495,1.816592522237183,1.8146134930146764,0.9999122239732672,0.9998982056260265,0.9998845752231184,0.9998689927851595,0.9998517968078151,0.9998335457278256
0.12,0.5444736078602506,0.5452217703414214,0.546366058,0.5480575617702498,0.5496374793212415,0.5503264840260217,1.8364282414802582,1.833881441,1.8300152356679305,1.8243374947907873,1.8190584313669689,1.816741034686394,0.9998867102152116,0.9998720858582969,0.9998582103918282,0.9998419592410847,0.9998226909545924,0.9998007060047599
0.13,0.5433499409870306,0.5441039188911059,0.545283594,0.5470845247165291,0.5488321797669359,0.5496237066461177,1.8401730514015904,1.837596016,1.8335949744830644,1.8275285844015388,1.8216704265973616,1.8189996260511654,0.9998579188849781,0.9998431936442833,0.9998292576264637,0.9998126070031871,0.9997913510463939,0.9997653168581435
0.14,0.5422231278849972,0.5429776132096422,0.544182505,0.5460778883639517,0.5479857441090084,0.5488823241841813,1.8439384715673284,1.841349416,1.8372470140140948,1.8308393384605635,1.824422851382617,1.8213873534500045,0.9998260856807177,0.9998115109846485,0.9997976823899603,0.9997808798801987,0.9997577137843822,0.9997273238013132
0.15,0.5410944659728922,0.541845150813019,0.54306629,0.5450414502738724,0.5471003432214345,0.548103312013668,1.8477206830694317,1.845134221,1.8409602826631253,1.8342581953420933,1.827309645865295,1.8239019282051798,0.9997914362725219,0.9997770302480072,0.9997634707432147,0.9997467469659905,0.9997217344247409,0.9996866876373744
0.16,0.5399648766843611,0.540708297301676,0.541937878,0.5439787353596579,0.5461782250328514,0.547287758142271,1.8515167564130126,1.848944725,1.8447254993223614,1.8377744103661642,1.8303245054662565,1.8265407420544921,0.9997540170555806,0.9997397540596656,0.999726622595251,0.999710199627327,0.9996833896296915,0.9996433878745231
0.17,0.5388349939263968,0.5395684009223511,0.540799717,0.5428929846272621,0.5452216818456095,0.5464368526471398,1.8553244990301576,1.85277657,1.8485348960288872,1.8413780927955536,1.8334609775800303,1.8293008970489995,0.9997137651664101,0.9996996911412986,0.9996871486370466,0.9996712486250338,0.9996426777944795,0.9995974247280448
0.18,0.5377052698731243,0.5384265104117936,0.539653851,0.541787155601627,0.5442330259923718,0.5455518791997321,1.8591423358871104,1.856626362,1.8523819831600132,1.8450602066903379,1.8367125317237787,1.83217922820789,0.9996706314507294,0.9996568532302035,0.9996450707353183,0.9996299212965083,0.9995996190181422,0.9995488209795292
0.19,0.5365760429762456,0.5372834489280465,0.538501979,0.5406639264154848,0.5432145662093482,0.5446342049058827,1.862969170530521,1.860491435,1.8562613553295566,1.8488125610159405,1.8400726291341267,1.8351723323354454,0.9996246257100054,0.9996112548978904,0.9996004133861883,0.9995862584451464,0.9995542550287895,0.9994976240867895
0.2,0.5354475611183849,0.5361398534300845,0.537345511,0.5395257086525553,0.5421685814045731,0.543685266778522,1.8668042365346273,1.864369722,1.8601685309206928,1.8526277736705026,1.843534803567167,1.8382766084366051,0.9995757755379346,0.9995629094925674,0.9995532097936991,0.9995403124589838,0.9995066492199693,0.9994439082705723
0.21,0.5343199987969107,0.5349962085498295,0.53618561,0.5383746636052296,0.541097299069057,0.5427065585084881,1.870646959234843,1.868259658,1.8640998044111698,1.8564992246168592,1.8470927271133197,1.8414882973592541,0.999524081007806,0.9995118336166012,0.9995034907290837,0.9994921455364711,0.9994568857711161,0.9993877763934963
0.22,0.5331934734574734,0.5338528859363122,0.53502324,0.5372127215044759,0.5400028807643719,0.5416996184618128,1.874496919713675,1.872160045,1.8680521106704193,1.8604209980490087,1.8507402543112295,1.844803517279426,0.9994695236074689,0.9994580429579061,0.9994512927397263,0.9994418275059811,0.9994050688746501,0.9993293614472754
0.23,0.5320680766001648,0.53271018400597,0.533859199,0.5360415991468495,0.5388874097532236,0.5406660183079766,1.878353805860053,1.876069921,1.8720229119739533,1.864387831260633,1.854471459066541,1.8482182973084207,0.9994120966585577,0.9994015528239757,0.9993966522960622,0.9993894344988763,0.9993513210376495,0.9992688277696918
0.24,0.530943886052063,0.5315683321253821,0.532694154,0.5348628195439717,0.5377528812976797,0.5396073519556108,1.882217375250814,1.879988553,1.8760100914063298,1.8683950560011873,1.8582806666166212,1.85172861072133,0.9993518076103813,0.9993423795330205,0.9993396085371574,0.999335047674812,0.999295782732861,0.999206372171779
0.25,0.529820936001476,0.5304275043577628,0.53152865,0.5336777297393869,0.5366011948747309,0.5385252251260356,1.8860875370778483,1.883915388,1.8800119179344714,1.8724385460943922,1.8621624775782477,1.8553304067116305,0.999288664275304,0.9992805376780263,0.9992801967236205,0.9992787523561736,0.999238610519377,0.9991422249575601
0.26,0.5286992653986913,0.5292878376910778,0.530363139,0.5324875205134598,0.5354341505380467,0.5374212460222857,1.8899641653258539,1.887849994,1.8840269713583562,1.8765146582808856,1.8661117819106299,1.8590196390220968,0.9992226658376296,0.9992160412093741,0.9992184584902808,0.9992206375951511,0.9991799767563587,0.999076650783155
0.27,0.5275788867774588,0.528149436581589,0.529197996,0.5312932464264203,0.5342534468351875,0.5362970172155215,1.893847219348252,1.891792055,1.8880540783078161,1.8806201718656266,1.8701237659469703,1.8627922910429104,0.9991538077103367,0.9991489079777763,0.9991544345801233,0.9991607964055013,0.9991200679655703,0.9990099493783804
0.28,0.5264598196027895,0.5270123848899926,0.528033533,0.5300958337367374,0.5330606818266319,0.535154128611859,1.8977366436876806,1.895741318,1.892092267623645,1.8847522678893134,1.8741939123206366,1.8666443979257585,0.9990820910894196,0.9990791531336778,0.9990881648352947,0.9990993248339922,0.9990590847769614,0.9989424562001674
0.29,0.5253420728150836,0.5258767502645104,0.526870009,0.5288960986665688,0.5318573542197054,0.5339941514415946,1.9016324194268748,1.899697586,1.8961407453966657,1.8889084720126146,1.878317998481669,1.870572065984203,0.9990075169540769,0.9990067930110154,0.999019691592408,0.9990363215857015,0.998997241055713,0.9988745430855849
0.3,0.5242256576055692,0.5247425860161433,0.525707639,0.5276947584371093,0.5306448666137588,0.5328186332669792,1.9055345201112253,1.903660711,1.900198867854777,1.8930866246306892,1.8824920878510514,1.8745714893554242,0.9989300868954197,0.99893184438747,0.9989490604504077,0.9989718890850142,0.9989347628591774,0.9988066189196028
0.31,0.523110580431708,0.5236099296970151,0.524546607,0.5264924511568164,0.5294245271521953,0.5316290940436552,1.9094429336519898,1.907630597,1.9042660816744816,1.8972848152442436,1.8867125306420833,1.8786389637730623,0.9988498013239157,0.9988543227830451,0.9988763119675342,0.9989061329205494,0.9988718894073069,0.9987391303457843
0.32,0.5219968432074922,0.5224788184143614,0.523387075,0.5252897405945735,0.5281975561024224,0.5304270231184686,1.9133576623461532,1.911607153,1.9083419230984844,1.9015013723716223,1.8909759444103127,1.8827708975723638,0.9987666596715588,0.9987742465718814,0.9988014972303908,0.9988391626333148,0.9988088724859973,0.9986725624133961
0.33,0.5208844393836325,0.5213492846459432,0.522229186,0.5240871313281853,0.5269650916477069,0.5292138772867833,1.9172787370697437,1.915590304,1.912425973906968,1.9057348135144014,1.8952791976887218,1.886963820159592,0.9986806601007324,0.9986916346651049,0.9987246596386932,0.9987710914870168,0.9987459761080296,0.9986074395665381
0.34,0.5197733827898863,0.5202213617296213,0.521073053,0.522885069171221,0.5257281935156758,0.5279910795827385,1.921206125306038,1.919579966,1.9165179389349776,1.9099838518164753,1.8996194036286933,1.8912143884248676,0.9985918067869695,0.9986065038614201,0.9986458535701163,0.9987020384729729,0.9986834774370383,0.9985443266668543
0.35000000000000003,0.5186636733092911,0.5190950908973129,0.519918773,0.5216839468106098,0.5244878501137901,0.5267600186096713,1.9251398391805927,1.923576037,1.920617571321234,1.9142473763768404,1.9039938990728635,1.895519391136288,0.9985001006234642,0.9985188777744078,0.9985651310835759,0.998632126480125,0.9986216667544988,0.9984838297499438
0.36,0.5175553273590136,0.5179704838945485,0.518766435,0.5204841191381006,0.5232449834522243,0.5255220490312985,1.9290798287059447,1.927578513,1.9247246504373767,1.9185244007921405,1.9084002333885932,1.8998757513114088,0.998405542247575,0.9984287751233443,0.998482545264019,0.9985614827912495,0.9985608485396353,0.9984265977340493
0.37,0.5164483766795156,0.51684756195213,0.517616115,0.5192859032805944,0.5220004512870774,0.5242784922501669,1.9330259848242242,1.931587362,1.9288390127003754,1.9228140720736737,1.9128361652986121,1.9042805272958305,0.9983081319417926,0.9983362187472463,0.9983981562144041,0.9984902422574157,0.9985013415241181,0.9983733236720108
0.38,0.5153428173560543,0.5157263340201413,0.516467883,0.5180895876208366,0.5207550576363746,0.5230306377504251,1.9369783488506958,1.935602598,1.9329605116766395,1.927115632297283,1.9172996312739703,1.9087309121701928,0.9982078794543956,0.9982412319864014,0.9983120233882308,0.9984185432345671,0.9984434799902763,0.9983247462863266
0.39,0.5142386474455706,0.514606819896922,0.515321804,0.5168954345297884,0.51950955554747,0.5217797449684812,1.940936923423031,1.9396242,1.9370890296382286,1.9314284232205674,1.9217887407549612,1.913224232191463,0.9981047782782264,0.9981438413571114,0.9982242132617816,0.9983465340837792,0.998387614565742,0.9982816519403799
0.4,0.513135848309337,0.5134890368558962,0.514177937,0.5157036852588374,0.518264653041928,0.5205270454089918,1.9449017939209279,1.943652158,1.9412244577457278,1.9357518573881043,1.9263017597143135,1.9177579442654702,0.9979988319019667,0.9980440745943041,0.998134786937642,0.9982743666016848,0.9983341131523941,0.9982448765381271
0.41000000000000003,0.5120344254381463,0.5123729981571228,0.513036343,0.5145145634109982,0.5170210182081864,0.5192737453084937,1.9488729539520406,1.947686474,1.9453667031223685,1.940085422030312,1.9308370982279421,1.9223296324269952,0.997890043228776,0.997941958153455,0.9980438191638666,0.9982022038959683,0.9982833625199505,0.9982153079478657
0.42,0.5109343846606293,0.511258723092822,0.511897076,0.5133282757153793,0.5157792826854991,0.518021028233135,1.9528504038349446,1.951727139,1.9495156891661125,1.9444286660731616,1.9353933000531987,1.926937003776779,0.997778419417669,0.9978375249107468,0.9979513809002579,0.9981302144068911,0.9982357680157598,0.9981938880369234
0.43,0.5098357317689739,0.5101462320271373,0.51076019,0.5121450177573171,0.5145400475726207,0.5167700582593782,1.9568341454849127,1.955774132,1.9536713515464,1.94878118948228,1.939969030929975,1.9315778841000149,0.9976639685138152,0.997730804135945,0.9978575507133959,0.9980585768925279,0.9981917574641204,0.9981816156988911
0.44,0.5087384732959753,0.5090355450959916,0.50962574,0.5109649743963829,0.5133038870248589,0.5155219831953086,1.960824180616012,1.959827446,1.9578336316461833,1.9531426363166364,1.9445630670560885,1.9362502124334484,0.9975467000484217,0.997621832268695,0.9977624133245737,0.997987477158014,0.9981517808848714,0.9981795494760289
0.45,0.5076426232317637,0.5079266830362098,0.508493779,0.5097883247544392,0.5120713524680801,0.5142779378150613,1.9648204863953915,1.963887067,1.962002468898782,1.9575126985443294,1.949174286129804,1.9409520363234676,0.9974266258932664,0.9975106437990207,0.9976660498176717,0.9979171192764553,0.9981163128944933,0.9981888106383768
0.46,0.5065482391760459,0.5068197427061744,0.507364409,0.5086152424409475,0.5108429753780233,0.5130390475336972,1.9688228537306398,1.967952686,1.966177630111091,1.961891083778998,1.9538016574117667,1.9456815057953705,0.9973037498068132,0.9973972739764447,0.9975685512903343,0.9978477092189882,0.9980858519707402,0.9982105865371866
0.47000000000000003,0.5054554133245489,0.5057147376649601,0.506237678,0.5074459163488295,0.5096192717157457,0.5118064314945238,1.9728309637829093,1.972024331,1.97035911537544,1.9662774551070523,1.9584442339926147,1.950436868509101,0.9971780902183586,0.9972817672205835,0.9974700233937969,0.9977794650028426,0.9980609242232178,0.9982461335269966
0.48,0.5043640506598919,0.5046116507643122,0.50511362,0.5062805056242845,0.5084007497398683,0.5105812066065736,1.9768451887144884,1.976102141,1.9745469646107208,1.9706716129951563,1.9631011310525595,1.9552164640857876,0.9970496469075577,0.9971641634489017,0.9973705651545332,0.997712620646612,0.9980420868423046,0.9982967814099598
0.49,0.5032741339572308,0.5035104946075346,0.503992286,0.5051191623814332,0.5071879091149896,0.5093644913635825,1.9808656105588596,1.980186163,1.9787411690807786,1.9750733941706957,1.96777153136097,1.9600187164155622,0.9969184246396712,0.9970445143471262,0.9972702852073342,0.997647418505356,0.9980299286069715,0.9983639365501148
0.5,0.5021856818366595,0.502411301969593,0.502873734,0.5039620487578551,0.505981227975019,0.5081574084545537,1.9848922177544015,1.98427638,1.9829416959134853,1.979482624701292,1.972454725336402,1.9648421319585656,0.9967844517452733,0.996922879543311,0.997169294928307,0.9975841190250395,0.9980250640508415,0.998449085798385
0.51,0.501098711019032,0.5013141065712782,0.501758034,0.5028093400888872,0.5047811946034935,0.5069610900391645,1.9889250069315607,1.988372776,1.9871485103815685,1.9838991261019645,1.9771500153636223,1.9696852904815847,0.9966477572869245,0.9967993217310922,0.9970677298350843,0.9975230103982489,0.9980281466655647,0.9985538018966524
0.52,0.5000132347611802,0.5002189318985426,0.500645249,0.5016611918895622,0.5035882870582995,0.5057766772636807,1.9929639825883223,1.99247536,1.9913615909665263,1.9883227566736859,1.981856774838735,1.9745468423530554,0.9965083676965114,0.9966738964133641,0.9969657195584727,0.9974643639740611,0.9980398584359246,0.9986797410268211
0.53,0.4989292676155437,0.4991258137199684,0.499535443,0.5005177758815808,0.5024029967386469,0.5046053327294665,1.9970091486512285,1.99658412,1.9955809030869376,1.9927533687259853,1.9865744082252603,1.979425502839696,0.9963663119580978,0.9965466735553671,0.9968633904658735,0.9974084839952577,0.9980609359366748,0.9988286644736164
0.54,0.49784683050332224,0.4980347945551138,0.498428691,0.4993792638840773,0.5012258061055047,0.5034482330384816,2.0010604864345427,2.000699005,1.9998063967366146,1.9971908321704432,1.9913023694450263,1.9843200440017008,0.9962216208168734,0.9964177179217956,0.9967608845788575,0.9973556876053037,0.9980921353248848,0.9990024199354984
0.55,0.49676592907862377,0.4969459032577118,0.497325062,0.49824583022167385,0.5000572149173633,0.5023065796994357,2.005118048810936,2.004820033,2.0040380577609938,2.0016350199752173,1.9960401403983532,1.9892292959140876,0.996074330429882,0.9962871021683407,0.9966583513263457,0.9973063023283288,0.9981342734708634,0.999202963868522
0.56,0.4956865304985533,0.4958591753981946,0.496224632,0.497117661678322,0.498897723316443,0.5011816011564926,2.0091820312446824,2.00894719,2.008275854043019,2.006085801737264,2.000787237776381,1.9941521349624598,0.9959244702077126,0.9961548970519202,0.9965559466269827,0.9972606828857105,0.9981881977672312,0.9994323599501237
0.5700000000000001,0.4946086736442524,0.49477462022768975,0.495127479,0.49599494413190115,0.4977478461306291,0.5005827635052805,2.01325236925141,2.013080617,2.0125197532918024,2.0105430755233904,2.005543227278053,1.999087485452419,0.9957720840665885,0.9960211977638983,0.9964538318850721,0.9972192004190047,0.9982548216995217,1.0007087379565942
0.58,0.4935323911666446,0.49369227488875855,0.494033675,0.4948778657710334,0.49660810956738694,0.5025046029768553,2.017329012001145,2.017220326,2.016769782941197,2.015006740223706,2.010307675546446,2.0040343076988294,0.9956172110627698,0.995886091694783,0.9963521874953918,0.9971822351161547,0.9983350944019284,1.0070364641421974
0.59,0.49245771464676674,0.49261218958815867,0.492943292,0.49376662085164863,0.4954790535871991,0.5061959138862063,2.0214119134155424,2.021366269,2.021026023121513,2.01947677681628,2.015080169618385,2.0089916088628383,0.9954598912403659,0.9957496637317369,0.9962512210551867,0.9971502239769535,0.99843001534485,1.0169433434380444
0.6,0.49138464916388763,0.49153442532079344,0.491856431,0.4926614224995512,0.4943612403748719,0.5107985405858181,2.0255011357731183,2.025518377,2.025288377909149,2.0239530531127463,2.0198603103025277,2.0139584213818713,0.9953001649829296,0.9956120114154012,0.9961511133041733,0.9971235902188353,0.9985406483851312,1.028727022442378
0.61,0.49031326500216943,0.4904590191049887,0.49077319,0.49156249284914555,0.4938449025903788,0.516331815469865,2.0295964994773996,2.029676678,2.029556777828626,2.0284354503297064,2.0246477160594143,2.018933804700668,0.9951380862957376,0.9954732325921519,0.996052054141076,0.9971027865476496,0.9998619541171944,1.0424397566945776
0.62,0.4892438497591506,0.48938603808954434,0.489693668,0.49047005615865147,0.4952771878578607,0.5229982779860333,2.033696890158555,2.033841098,2.033831203073521,2.0329238587532634,2.029442022244846,2.023916856848463,0.9949736957843838,0.9953334370539086,0.9959542619259254,0.9970882791689756,1.0051363376979972,1.0585050309186512
0.63,0.4881766634086902,0.4883155382285801,0.488617971,0.48943410740376786,0.49801185395271436,0.5301948496409321,2.037801362587328,2.038011595,2.0381115944631545,2.0374181890472487,2.034242881633432,2.028906676253707,0.9948070698775644,0.995192728928512,0.9958579519581613,0.9971819527645414,1.0130770688723776,1.0757158701518175
0.64,0.48711130683460646,0.48724788187677526,0.487546211,0.48965322257837973,0.5016922333658645,0.538204848073312,2.041911661303893,2.042186858,2.04239789816412,2.041918329200124,2.0390499381507405,2.033902403015654,0.9946382577785615,0.9950512209570868,0.9957633566042807,0.9998318901347015,1.022975517415373,1.0946561338109844
0.65,0.48604782155750165,0.4861831768425091,0.486850293,0.49123633185408977,0.5057517002175215,0.5470876786667676,2.0460277975833923,2.04636669,2.0466900856849413,2.0464241570586825,2.043862862295822,2.0389031978676773,0.9944673538615008,0.9949090583288901,0.9964316678959088,1.0052778963311049,1.033687117617562,1.1154588175476765
0.66,0.48499957598785276,0.48540001216824025,0.487385069,0.49367709013468924,0.5107268911846968,0.5562081800185152,2.0501499069148994,2.050552197,2.0509876618915075,2.0509356018411995,2.048681327600417,2.0439081896078863,0.994321835565262,0.9953380613754118,0.999620763109141,1.012499919970601,1.0463166454734985,1.136838454266741
0.67,0.48447062953948883,0.48577578474037897,0.489104082,0.4968333668287796,0.5163328140889338,0.5656801306421383,2.0542776998308465,2.054743435,2.055289551601357,2.0554525317198378,2.0535049717717695,2.048916569486336,0.9952372104859832,0.9981446045772667,1.0052505093801734,1.021217401691106,1.0602920008205343,1.1590313927018725
0.68,0.4850063236708774,0.48725699005382206,0.491414731,0.5002459212185105,0.522343771872776,0.576100658957535,2.058411476851161,2.058940402,2.0595968501680253,2.059974767161579,2.05833349425669,2.053927539280567,0.9983425829895232,1.0032331029787265,1.0121162320937673,1.0304939750856308,1.0751576811621104,1.183269008830563
0.6900000000000001,0.4865911466461498,0.4893456935847995,0.494326788,0.5043960785210585,0.5288919345717136,0.5871937841673901,2.062551041653427,2.063142944,2.063909602274227,2.0645015953461137,2.063166360743334,2.0589402307507916,1.0036190763743515,1.0095901148962652,1.0202458044145761,1.0413265087930488,1.0911920478768238,1.2089969054690366
0.7000000000000001,0.48868369193385686,0.49201532172070006,0.497456523,0.5091331016150864,0.5362719923705691,0.5988923404708296,2.0666964626832978,2.067351226,2.0682278085009944,2.0690330977055056,2.068003326925555,2.0639538991363504,1.0099608574907164,1.0171684785700736,1.0288534143888144,1.0534132383790742,1.1090122643593328,1.2360861812776636
0.71,0.49130713182717767,0.494995931421392,0.501289592,0.5141136509244489,0.5438836649696951,0.6108758622098226,2.070847605874183,2.07156507,2.0725512420446854,2.073569592696836,2.072844172626011,2.0689676688275984,1.0174221976932225,1.0254162813246712,1.0389483665236736,1.066050433747293,1.1273860855189102,1.263882408579306
0.72,0.49422508231775564,0.49836173462667016,0.505502102,0.5195604337211495,0.5516668566554583,0.6233991058373592,2.075004647795109,2.075784566,2.0768800177454394,2.0781108010824556,2.0776886003525292,2.0739807895877265,1.0255193428662632,1.0344915970230295,1.0498672145721168,1.079704149131006,1.1461919392653586,1.2929177697528489
0.73,0.4975083391613525,0.5022705518103179,0.510087519,0.5252616332239638,0.5597772056940792,0.6365402639788154,2.0791675293292062,2.080009551,2.0812141078770994,2.0826567365437763,2.0825362576418462,2.0789924640073956,1.034403184354786,1.0447275449515014,1.0616013407948282,1.0939396788818745,1.1657563270593576,1.3233624118492353
0.74,0.5013077150180633,0.5064891588189224,0.514956679,0.531643592569989,0.5686543654210857,0.6501333699419896,2.0833362479232274,2.084240161,2.085553366649183,2.087207155799453,2.0873866794241263,2.0840018774621654,1.0443925340606985,1.0556450459215054,1.0739696355669326,1.1096503107470101,1.1870015475763538,1.3548791635599107
0.75,0.5053321974688919,0.5109736441529535,0.52017642,0.5383180276597221,0.5779265469706031,0.6646538034176381,2.0875110402174837,2.088476412,2.0898977660645226,2.091762159767773,2.0922396341441725,2.0890082290716068,1.0548865411936734,1.0671564029671252,1.0871155381174409,1.1260332801794282,1.2091608271959795,1.3884672648231882
0.76,0.5096996284852621,0.5158945392069778,0.525533476,0.5451267427892791,0.5877966665275648,0.6795650826387456,2.0916919943337633,2.092718656,2.0942475297942464,2.0963216677353325,2.097094701299639,2.094010659469348,1.066134632417516,1.079622126726966,1.100597183937184,1.1427610025711512,1.232665274816547,1.4230165268487016
0.77,0.5144924046870376,0.520963142930566,0.531500574,0.5520782962403206,0.5979169699747802,0.694791086809231,2.0958783967213015,2.096966511,2.098602699687391,2.100885385448084,2.101951444428461,2.0990083692751647,1.0783135162607553,1.0924422641907034,1.1154085394817979,1.1598532241943673,1.2567924386867777,1.4583723061103633
0.78,0.5194488325944737,0.5261936011283842,0.537741302,0.5593806889039326,0.6082853114088619,0.7103445735928521,2.100068686056167,2.101220018,2.102963046512534,2.1054531702725328,2.1068095774361364,2.1040005404838986,1.090878227340086,1.1056485280344681,1.1308500866895368,1.1777498448420183,1.281541319889913,1.4945653667691652
0.79,0.5245515017710994,0.5319761710364351,0.544106557,0.56741973720837,0.6191063866815564,0.7262304857036889,2.104262539196715,2.105477417,2.1073283940391105,2.110024834683067,2.111668571156218,2.1089862897725395,1.103794075056304,1.1200638144993436,1.1466111969489596,1.1972697371990002,1.3073474989575313,1.5316101375639322
0.8,0.5299818881821939,0.5380289811319485,0.550602211,0.5756149094926797,0.6304290664213829,0.7424508995285607,2.108462390760197,2.109737943,2.111698443094322,2.1146002636042445,2.116527434405248,2.1139650045511487,1.117446879016232,1.1351001559277027,1.1627058317329915,1.2171954393477538,1.334320414527345,1.5695152192008983
0.81,0.5358273045156944,0.5441912532987166,0.557280908,0.5840825064400128,0.6420955136418218,0.7590309454262856,2.1126673513564613,2.114003805,2.1160703523892885,2.1191790947440112,2.1213866830621697,2.118935688029019,1.1320248522156442,1.1504223801212057,1.1792456073713826,1.2377754372533594,1.3621328718937245,1.6083377585821632
0.8200000000000001,0.5418510657751009,0.5504925691280131,0.564611291,0.5929884429834802,0.6543363759065868,0.7762949718730093,2.1168776301548484,2.118274521,2.1204467954452353,2.12375917910369,2.1262455147246,2.1238974066473624,1.1470324000148744,1.1660943831837014,1.1972282026731471,1.259364648888571,1.3912797843925302,1.6487708775544716
0.8300000000000001,0.5479936510511905,0.5569747772337861,0.572193816,0.6020651675562885,0.6671200810116664,0.7944188476164541,2.1210934407722957,2.122550071,2.124827666404912,2.1283427046268297,2.131103435589899,2.128849343797257,1.1623457388295424,1.1822068529627818,1.2158132507826014,1.2814010070783564,1.421701896594974,1.6911980424484614
0.84,0.554267395992229,0.5638246308394108,0.57992559,0.6113962992837774,0.680160273809169,0.8128942335174592,2.12531455122637,2.126830971,2.1292128638788803,2.132929433018317,2.135960143780017,2.133791031343592,1.1779925619726328,1.1991596870819006,1.2347850263205493,1.3040651619808445,1.4527952362388883,1.734546424910478
0.85,0.560842112006757,0.5711370671406688,0.58782593,0.6210882153551246,0.6934725492055082,0.8317003602046951,2.129541060758368,2.131117188,2.1336029770996023,2.1375189209213845,2.1408147835973246,2.1387211891111386,1.1943363061208327,1.2171600204873894,1.2541871542643426,1.3275878118828743,1.484596285358075,1.7787751833611478
0.86,0.5676743986288879,0.5786026228047313,0.596153694,0.6311179512082251,0.7070563588014384,0.8509864210572962,2.1337697876354893,2.135407652,2.1379974281796272,2.1421110116413815,2.1456662835149,2.143639301782311,1.2112864810084663,1.235552468204493,1.2745750645717844,1.3519247129276872,1.5171069896250597,1.8242079374614901
0.87,0.5749023416222665,0.5862107178981554,0.604694234,0.6413980211136402,0.7209152774949614,0.8707847917249841,2.1380008580524885,2.139697789,2.1423938507966716,2.1467050056441757,2.1505148832004175,2.1485445053679006,1.2291416996847906,1.2543137769747859,1.2954932085338036,1.37689234253492,1.5503390337794736,1.8709198796186464
0.88,0.5822731551465881,0.5939622014129806,0.61338956,0.6519214082780082,0.7350602797880308,0.8910114346711734,2.1422380391202025,2.143993025,2.1467913208584197,2.151298122138906,2.1553599778523416,2.1534361579140917,1.2473677021135603,1.2734508169430756,1.316819383713165,1.4024773014106298,1.584319508364066,1.9187362405358144
0.89,0.5897939082569389,0.6020804808796616,0.622373921,0.662742995827053,0.7495327659158355,0.9115934389994869,2.146479479166314,2.148292618,2.151192474624519,2.155892784457326,2.160201008102269,2.158314087339121,1.265980521010819,1.2934450525156673,1.3388460952577548,1.4288028426531751,1.6191414365370698,1.9675049613185083
0.9,0.597479568739773,0.6104701209374813,0.631720964,0.6741939753891986,0.7643008481752489,0.9325844309137666,2.1507254202162085,2.152596004,2.1555970300595906,2.1604888981620007,2.1650373344290914,2.1631878382606287,1.2850144965484473,1.314095542891419,1.3617358338247816,1.4565885990360687,1.6547398710352346,2.0173552991038695
0.91,0.6054498322319051,0.6189991241854266,0.641284768,0.6858840058925804,0.7797433710462084,0.9538589644638407,2.154976383534587,2.156903597,2.1600044603078468,2.1650859709711185,2.169868414183843,2.1680368280883693,1.3047300898747334,1.3351214374953961,1.3851779592074827,1.4849978388714977,1.6919405120024,2.0680013637598416
0.92,0.6137577947502662,0.6277375967673848,0.651020761,0.6977878951865043,0.7958469748335205,0.9754726370691436,2.1592318281180463,2.161215581,2.164415238451169,2.1696834844334223,2.17469385991648,2.1728693144955358,1.3252453651803178,1.3566762749131673,1.4090792556564764,1.5139788718237184,1.7307235296035623,2.1195745602175826
0.93,0.6222321906953849,0.6368251985523103,0.660924898,0.7099138604073362,0.8122003194352406,0.9974872419711989,2.1634914662259876,2.16553101,2.1688287430680635,2.1742815482947884,2.1795164657343826,2.1777018860392947,1.3461940345805667,1.379064715414435,1.433432915791728,1.543552607562393,1.7702039696838323,2.172229848140814
0.9400000000000001,0.6308517342966007,0.6461701834747895,0.671021013,0.7222568146578545,0.8288388155287802,1.019899781472796,2.1677524259976986,2.169850198,2.1732448927730723,2.178879575118407,2.1843379284763698,2.1825037873436517,1.3675303774663117,1.4020925005544682,1.4582929894456635,1.57371062144808,1.810464061352944,2.2259351357753396
0.9500000000000001,0.6397670462688148,0.655685914804154,0.681356371,0.734849366540706,0.8458789283503912,1.0427222300361145,2.1720087020129553,2.174171708,2.1776637491005495,2.183478462362411,2.1891434710404365,2.1872847257345502,1.3895795917569906,1.4255737653012897,1.483765069345405,1.6045277649222924,1.8517503332889402,2.2807304069418612
0.96,0.6490444248118672,0.66540553032771,0.692063958,0.7475970891391349,0.8633167415392029,1.0659598885809636,2.176265943940205,2.178485286,2.1820856689517116,2.1880832154117256,2.1939396151754034,2.1920488105136964,1.4124932778223256,1.449576157041943,1.5101428447497993,1.6358046426360047,1.894064799707002,2.3366361058192133
0.97,0.658539562797469,0.6753365988448843,0.70318034,0.7607255185926179,0.8810456057633186,1.0895963899493903,2.1805275269627464,2.182802378,2.1865018259391817,2.1926773043837673,2.1987416632932417,2.196791307212747,1.4359636442738932,1.4741263339090453,1.5375050973745346,1.668025579483605,1.9371916806532408,2.3936158778112113
0.98,0.6681875870200119,0.6854176236922601,0.71460404,0.7740675891014371,0.8994052818179393,1.113562320842357,2.1847919320635274,2.187123618,2.190916134661221,2.197265808360101,2.20351353272222,2.201525026758014,1.4598508492263182,1.4990930729707785,1.5656375211300926,1.7008322468923236,1.9818517098876716,2.4515353181891864
0.99,0.678027747792714,0.6957532127614475,0.726307868,0.7875333973469094,0.9180558917011561,1.1379789035179089,2.1890566446178354,2.19144265,2.1953273911481626,2.2018598760916364,2.20827988376913,2.206219293312643,1.4842411465409064,1.5247032643199603,1.594483557026824,1.7340381887002914,2.027324357819394,2.5106310123239775
1,0.6881071886892223,0.7063054627852682,0.738071137,0.8014770226155017,0.9370267390223905,1.1625688351564187,2.1933231928012487,2.195761302,2.1997462176366076,2.206436829506851,2.2130336721563744,2.2108952369802743,1.5092414560853362,1.5508782025750931,1.6235691919625006,1.768408420702338,2.0736717251674337,2.570317900309032
1.01,0.6983734433210284,0.7171054848394893,0.750248534,0.8158903875380238,0.9563585241740785,1.1874818005103565,2.1975904098343797,2.200082837,2.204152607682531,2.2110131388674183,2.2177716948207937,2.215554373474879,1.5347387815253057,1.5776914695139241,1.6536622626260962,1.8039443667222004,2.120984865013859,2.630930496542544
1.02,0.7089104094717266,0.7284445417691108,0.76269873,0.8308602080086017,0.9759906568773119,1.212589438972488,2.201853022516569,2.204396695,2.2085577071613613,2.215580475234483,2.2224972170423376,2.2201936769737443,1.5609165277887795,1.605780740366617,1.6844641583836821,1.840837654513119,2.169136518769149,2.692183405171858
1.03,0.7197707913758702,0.7401584532109589,0.775374432,0.8462309795964186,0.9960736166707632,1.2379275361521402,2.20611474187022,2.208708128,2.2129592340265662,2.2201391818643685,2.227201790646005,2.2248108040584973,1.5878969536219016,1.6347939916149525,1.715872009122504,1.8787505547094758,2.2184569426643663,2.7541545570727974
1.04,0.7309566414957246,0.7521169897540397,0.788329672,0.8618933035556388,1.0164761955767898,1.2632628948058242,2.2103753003274003,2.213018524,2.217355090066782,2.224686787669592,2.231888447924307,2.2293915349906337,1.61568850597242,1.6644488305408083,1.7480068108598767,1.9174426448011264,2.268661478497886,2.816307604147868
1.05,0.7424286872638893,0.7644682401814537,0.801633735,0.8779193718244155,1.0372251232841636,1.2890710287295204,2.2146329599489314,2.217324244,2.2217446777532968,2.229227851891193,2.236560354541791,2.2339603796903287,1.6442070412262266,1.6950739627223521,1.7810254842437467,1.9570823153858072,2.3198165894720817,2.879733604788402
1.06,0.754244818295398,0.7771417130676234,0.815300823,0.8943316201828836,1.0583557267392443,1.3152787415761624,2.2188878371784457,2.221625315,2.22612779146217,2.2337547853051314,2.2412116346946034,2.2384974327253033,1.6735846535705254,1.7265177030934982,1.8149638204822796,1.9977175362332074,2.3719991684136565,2.9442480863364073
1.07,0.7665035263436026,0.7901185455053634,0.829261965,0.9110317297334363,1.0797638278381418,1.3418089806922269,2.2231388309828413,2.225921342,2.230504217047492,2.2382752706176223,2.2458414323311127,2.2430147054411043,1.7040437534997421,1.7587417331503865,1.8496723099695898,2.0391397914103475,2.4249783416913373,3.0096972755856037
1.08,0.779043085501635,0.8034011567390495,0.843566249,0.9280256782022622,1.1018092695564372,1.3684053313421811,2.227386285680132,2.230213041,2.2348728533432105,2.2427831271187744,2.2504489460715433,2.2475127860568573,1.7352298846002765,1.7917557369139132,1.8852633098866591,2.081360332604991,2.479565509445141,3.0755084786999225
1.09,0.7919258556129225,0.8169584883803712,0.858180095,0.9454569928802465,1.1239931867870334,1.3949660962603274,2.2316258391668296,2.23449743,2.2392334747592186,2.2472737618186844,2.2550390111836145,2.2519797087291504,1.7672822020900976,1.8254916427026242,1.9216655960960465,2.1247006930277728,2.5346484845093515,3.1414353431433724
1.1,0.8051812323864259,0.83091398433496,0.873182328,0.9633208881233163,1.1466834102213026,1.421674721944586,2.2358540178494026,2.23876868,2.2435827091729603,2.2517478955009955,2.2596016509347123,2.256438272927372,1.8002676935281239,1.8602242039031192,1.9590567730561923,2.1691557825238275,2.591047726835501,3.2079212542491433
1.11,0.818845197479577,0.8451647293745271,0.888680592,0.9815139479068212,1.1698309065304606,1.4485653923990451,2.2400721651090896,2.243029967,2.2479158359156974,2.2562096707041848,2.264139242953468,2.2608452310817553,1.834272334407256,1.8957298150385096,1.997679175827737,2.2145012611984134,2.6486600630954467,3.274982159315453
1.12,0.8328109104738556,0.8597858640585324,0.904482898,1.0001050576357315,1.1932262449359359,1.4752611919850844,2.2442867459940703,2.247284158,2.252240790033834,2.2606560374157754,2.2686571056198224,2.2652459738883888,1.8690664882957284,1.9321831515710812,2.0371132767636118,2.2608935365942684,2.7070211991859696,3.341829475577998
1.1300000000000001,0.8470746886846529,0.8747069073400929,0.920683288,1.0191050245784727,1.2169007373534788,1.5018522775856114,2.2484952682051063,2.251529927,2.256554132081362,2.2650878636283274,2.273152227702497,2.269612897889987,1.9046434293237553,1.9694287792298353,2.0775716778746545,2.308362422935347,2.7662006220078714,3.408623299933757
1.1400000000000001,0.8616664458356564,0.8899504692402943,0.937103725,1.0385791259924528,1.2408646296406767,1.5288073314195811,2.2526986743581765,2.255771763,2.2608649884643737,2.26949714309389,2.2776125763728254,2.273961672830289,1.9410748602729047,2.007525138980856,2.1186650024120466,2.3570523593168207,2.8262088860458134,3.476449276790081
1.1500000000000001,0.8766266879727285,0.9055297656804395,0.954146835,1.0583187053359304,1.2651697123288261,1.5557771375637275,2.2568987310720114,2.26000526,2.2651557627456036,2.273891843380639,2.2820487048864946,2.2782937725554553,1.978457659709511,2.0465020335243604,2.1612912018057284,2.40650227176053,2.8871789034816167,3.5445173639955923
1.16,0.8920356966461175,0.921623270560987,0.971678696,1.0785568418946092,1.289833501897423,1.5829103119546348,2.2610900867668797,2.264225965,2.2694313548991176,2.2782745054600575,2.2864565189383685,2.282586718014955,2.016973070728724,2.086763339152407,2.205158099589888,2.457248555578002,2.9491482187584674,3.6131300538765583
1.17,0.9078456888402346,0.9380261099773128,0.989605408,1.0990069577078245,1.3146370984766247,1.6094598433015392,2.265270650481071,2.268435851,2.2737012624560147,2.282641558546443,2.2908348373355842,2.286844222040778,2.056516194095554,2.127852057046605,2.2500670655028996,2.508638954795573,3.011616463644023,3.680583943260781
1.18,0.9240637232896366,0.954920381867808,1.007949572,1.1197340168375063,1.339633607134456,1.6359717855228726,2.269446630952911,2.272645526,2.2779638459214393,2.2869661413457014,2.2951976449333893,2.2911001106512567,2.097113303605469,2.1701955335380854,2.2960726835279885,2.5607937838203942,3.0747239001686246,3.7481751388337874
1.19,0.9406457422539035,0.9722271103075342,1.026462517,1.141189845114095,1.365277120558652,1.6622138077124362,2.273624104256838,2.276840295,2.282197578652018,2.2912752075914233,2.2995193703114767,2.295314943330461,2.13867483315504,2.2136058606396034,2.3425902708744557,2.6147799992650222,3.1394811845676975,3.8153041918525807
1.2,0.9574975187454801,0.9898545679009418,1.045632761,1.1630269774192712,1.3908046786746662,1.689337029024401,2.277773567066151,2.281009076,2.286410467929772,2.2955571194596676,2.303816359250563,2.2995066040273517,2.180962538729881,2.257867253302107,2.3907456903607094,2.669794858138466,3.2041585712529184,3.884641654669556
1.21,0.9746654629999433,1.0079940967711265,1.065297165,1.185174984774185,1.416368599808538,1.7161349197419407,2.281900041710649,2.285159546,2.2906032868156845,2.2998368717413644,2.3080801796259753,2.303665906679362,2.2240891606734996,2.3034273325481878,2.440173187584431,2.725709129449181,3.2690922922626817,3.953401505871432
1.22,0.9924130481290468,1.0265201888856064,1.085352201,1.2077897334979963,1.4420266920043772,1.743776323215682,2.286013955331478,2.289292884,2.2947870320417487,2.304084919182343,2.312308575456014,2.3078142998805324,2.2686700774760507,2.3500053636981546,2.4906521560527697,2.782850110495995,3.33441068595819,4.024311934510248
1.23,1.0106312791270171,1.0454782538001577,1.105782858,1.2307942879678924,1.4680876044802071,1.7694841557417433,2.290116486046027,2.293421494,2.2989531023362675,2.3083044759233213,2.3165131564410144,2.3119396636640506,2.314463353642566,2.3977222987748688,2.5421429319093645,2.841047963857143,3.4008442505863723,4.090940603884433
1.24,1.029236128131199,1.064910460194145,1.126733088,1.25409915967223,1.493940746234758,1.7948102685344114,2.2942175078402602,2.297537538,2.3031007847822904,2.3125033313865244,2.32069270014681,2.316048189988343,2.3612915448603182,2.446671756904903,2.594979859212973,2.9001084846310725,3.466977384238881,4.156867073811616
1.25,1.0482985848667488,1.0848992408131264,1.148183099,1.2775754677845808,1.5202158656203157,1.820926508848033,2.2983036413978466,2.301636404,2.307239557975851,2.3166695023870103,2.3248417077093864,2.320092807214696,2.409308454871458,2.4970435873274544,2.6491334658121026,2.9597201232143564,3.5342612491156378,4.224718495644889
1.26,1.0679443826650483,1.1053927517514868,1.169937932,1.3014620044780438,1.5471897377610828,1.847497011343597,2.3023811870340767,2.305734293,2.311353144216129,2.320815270530627,2.3289583587412235,2.324029335135856,2.458815055446728,2.548741974947039,2.7041397176659157,3.0204528940080433,3.6033404723173152,4.29363725093834
1.27,1.0879871966678891,1.1261732463469927,1.192093096,1.325544059169988,1.573680178523685,1.872383943893075,2.306455583237839,2.3098071,2.3154361943092865,2.3249412844819046,2.33304421240653,2.3280088866657183,2.5093941442459378,2.601242960242333,2.760215501464615,3.08181210756403,3.671465432683558,4.358926460633284
1.28,1.108420673682302,1.1474309046224986,1.214553667,1.3501162653334684,1.599939662223684,1.897207451744387,2.3105073464131007,2.313860261,2.3195224035511264,2.329025027014013,2.3371002599800836,2.33191359590075,2.561014109459117,2.654994772449281,2.817184440921674,3.1444545713403396,3.739219400535419,4.424123850966953
1.29,1.129323668606262,1.169256275051973,1.237481645,1.3755596027267782,1.6255235324704045,1.9227154846482217,2.31455301101503,2.317915965,2.3235713834011493,2.3330849441226458,2.3410935538233595,2.335759335460336,2.6138794975831634,2.7102377871193997,2.8753769378061795,3.209297398865174,3.8055026634546403,4.491000642701228
1.3,1.1507125123125246,1.1915682829488123,1.260945416,1.400583409925127,1.65216338724991,1.9487770469401038,2.3185939064172074,2.321934844,2.3275940896149763,2.3371103773110735,2.3450766489133237,2.3396434322887147,2.6680350190858553,2.7667439151840982,2.9349690976086973,3.2733180216257436,3.874449779629305,4.55944341886841
1.31,1.1726484219415856,1.2142627937760755,1.285083843,1.4260711944287128,1.6792991475488412,1.974697413297769,2.3225860508760188,2.325925273,2.331582297415454,2.3411077696682816,2.3490401452026903,2.3435379132695777,2.7235768673833025,2.824284520107361,2.996278739033421,3.338586353377186,3.944741113396884,4.627778255298686
1.32,1.1949982299089266,1.2373586952117903,1.309027896,1.4517866857595252,1.7057742140714698,2.0001222155997893,2.3265611897194205,2.32988759,2.3355496243383174,2.3450809822357366,2.3529691922486116,2.3474269064249462,2.7802365034895136,2.8829066683525424,3.0572996107511776,3.404557347037712,4.013634174642257,4.695140705037223
1.33,1.2178328577005364,1.26091140608468,1.333575124,1.477979247682811,1.7327239338667924,2.0242830637646927,2.3305132480955306,2.33383629,2.3394972518116104,2.3490116285931846,2.356869209511617,2.351334902809012,2.838175608837139,2.9427607979953527,3.1198953376823275,3.47179043962633,4.083803688314486,4.759767420995082
1.34,1.2411376540671064,1.2847375096781763,1.358575054,1.5041606882333485,1.7593306487101639,2.0501279818271025,2.334452991706317,2.337762545,2.34341876993095,2.352917923506805,2.360710603268845,2.35522366656629,2.8973775096563164,3.0034112302822153,3.1837102819035534,3.539166643178577,4.153270517065939,4.828509942288976
1.35,1.26476651245142,1.3092247132767325,1.383858157,1.5306295798742078,1.788060923703838,2.075788974684565,2.338375415222708,2.341669437,2.347309361680656,2.356804204202949,2.3645000256730264,2.359129158062441,2.9574989187133656,3.065771497245213,3.2483432071642393,3.607394228924927,4.227870100002661,4.897054296162896
1.36,1.288953018020344,1.3341739250236604,1.40958766,1.5574361006023416,1.8157155045816058,2.1006313212164733,2.3422760229176616,2.345547153,2.351162842884772,2.3606500319766717,2.368325042263172,2.362951390460122,3.019083748776408,3.1293678514460823,3.3141701299808934,3.6765615806885408,4.300204499126129,4.963689701312548
1.37,1.3136926759437637,1.3594297226451213,1.435702095,1.5845462662316476,1.8432471787286178,2.1260028275546277,2.3461484771842915,2.349393325,2.3549934410183124,2.3644770799054315,2.372155556809865,2.3668043587733765,3.082118071153618,3.193835116189049,3.38106901698125,3.7466233285544606,4.372469037595197,5.031832759020816
1.3800000000000001,1.3387979719187544,1.3851197315623223,1.462156749,1.6122199753737978,1.870353895451928,2.1513583076965714,2.3499981540891155,2.353220944,2.358805188097502,2.3682741061494132,2.375959114022552,2.370667597992642,3.1461727627073244,3.2594927622601144,3.4489429253529766,3.81817882109461,4.4438843843465925,5.100155431728546
1.3900000000000001,1.3641964730841265,1.41119534737473,1.489259624,1.6398232864167304,1.8972473639638214,2.179093501817582,2.3538296292279046,2.357025994,2.362592045276326,2.3720296185644543,2.3797431447758544,2.3744744931707324,3.211086078433625,3.326224116374098,3.5185129410136122,3.8897094045921867,4.514961408336965,5.17420193829994
1.4000000000000001,1.3900981085688615,1.437746614630763,1.516206812,1.6680867894697882,1.92419289860482,2.2031931167244654,2.3576382921684935,2.360803176,2.3663553409801334,2.375778180531492,2.3835299532844036,2.3782938174669135,3.2773485306329437,3.3942367741035535,3.5878840876066613,3.963004197655151,4.586371409721728,5.239840568191456
1.41,1.4164827709391568,1.4646411585112982,1.543885244,1.6963948058489515,1.9518780280665702,2.226898467831354,2.361415008694182,2.364553567,2.3700749687333764,2.379507340186003,2.387288614820305,2.382098265696023,3.3449036748524477,3.463222475732903,3.6591237714012212,4.03658389237099,4.659696193921231,5.304690978102199
1.42,1.4432603284121555,1.4918453727567782,1.572007308,1.724769359679222,1.9801445249269665,2.2494593927037756,2.3651527046417984,2.368257646,2.3737716388441177,2.38321553507767,2.3910252968868733,2.385913572906529,3.4135310692462197,3.53307421068096,3.7315863637860898,4.110497132413487,4.734575650592417,5.367015696754016
1.43,1.4703263221075389,1.51934700614439,1.600626131,1.7526369108938085,2.008521381549733,2.274428183188661,2.3688538974107427,2.371933161,2.3774511307261124,2.3868950008480896,2.394758856389805,2.389676922424714,3.4829882385900466,3.6037895469399492,3.8054104050157127,4.18336028091427,4.80992436671451,5.435148541078314
1.44,1.4976129656584545,1.5471699870049958,1.628718555,1.78060531655596,2.0348434863852396,2.2989771032007256,2.3725356602893806,2.375595938,2.3811084506124196,2.3905742794647837,2.3985026915340617,2.3934008798144983,3.553140166336419,3.6754507365245805,3.878155514979749,4.256669271636928,4.880577578945551,5.502373821474003
1.45,1.5251727474869368,1.574990846316259,1.656451073,1.8094024975549245,2.0617619635244555,2.3228864377983287,2.37620064665975,2.379238799,2.3847434919494526,2.3942384459835235,2.4022243905085814,2.397126350146735,3.624116468846287,3.7472793296254894,3.9502109160694374,4.332141023904609,4.9528148762013116,5.568252288444858
1.46,1.5529683326132693,1.603222565275782,1.68535687,1.8371159556914793,2.0891906513335927,2.3457858107355976,2.379849142209413,2.38286153,2.3883729051312472,2.397890389358156,2.405900506686481,2.400840984682018,3.695830354248071,3.820257374823575,4.025260683784806,4.405202694289122,5.02638484660815,5.631858715699558
1.47,1.580891168187897,1.6310344904782736,1.713439312,1.8651520767219705,2.1166328684205524,2.3672707528212955,2.383484062575066,2.386473249,2.3919894649595452,2.401518103200813,2.409577251139373,2.4045470376824767,3.768028904041531,3.892420179722745,4.098528783151531,4.479196477470404,5.1001904087600405,5.692213876088813
1.48,1.608794839371611,1.6588493979375616,1.741924877,1.8943238150771537,2.1409002639039763,2.3888752667337436,2.3871094628845255,2.390077337,2.3955945774753102,2.4051368320203914,2.4132544835653746,2.408208074425161,3.8403693849037626,3.9647783515066606,4.172945789710547,4.556107979415447,5.166537160732564,5.752908706142761
1.49,1.636745155862255,1.687115934274921,1.770247451,1.9218005619914202,2.1656232676733076,2.4096734205539185,2.390724834232807,2.393668662,2.399183830856464,2.408751092584625,2.4169332317111007,2.411759551402588,3.9130072914301395,4.03839654103473,4.2471490610540705,4.62913920342658,5.234166843006402,5.8115528877818585
1.5,1.6648207386297547,1.7152514557647238,1.798113514,1.948728738665648,2.1905588043752773,2.430490706585547,2.394328417053185,2.397254985,2.402764704889927,2.4123566858711616,2.420566680596433,2.4153280357899107,3.986127603800695,4.111895102860491,4.3204436868248,4.701028801669351,5.302393653757956,5.870432344342901
