region,tini_curvature,se_tini_curvature,ci_width_curvature,amplitude_curvature,k_curvature,r2_curvature,converged_curvature,tini_fdrad,se_tini_fdrad,ci_width_fdrad,amplitude_fdrad,k_fdrad,r2_fdrad,converged_fdrad,delta_tini,manuscript_tini_curvature,manuscript_tini_fdrad,manuscript_inclusion,qc_basic,qc_ciwidth_4w,qc_ciwidth_6w,qc_ciwidth_8w,qc_ciwidth_10w,qc_r2_0_1,qc_r2_0_2,qc_r2_0_3,qc_r2_0_4
Precentral_L,24.877097294050774,0.5259179373722757,2.0615983144993204,0.12949230367764172,0.3604402338270643,0.924019625152497,True,27.67186730133963,1.0218201738016233,4.005535081302363,-0.15111786521484796,0.5315900285325987,0.5400958418238098,True,-2.7947700072888573,24.8434139501039,27.6721129983367,1,True,False,True,True,True,True,True,True,True
Precentral_R,24.44691751684177,0.5781408955081087,2.2663123103917857,0.12767142684025892,0.36278765402811924,0.9216789974863432,True,27.741648611130067,1.2889560571910346,5.052707744188855,-0.14378178633483027,0.6388561524700056,0.3730768919244821,True,-3.2947310942882986,24.4249674895017,28.5551658385578,1,True,False,True,True,True,True,True,True,False
Frontal_Sup_L,29.711122625255918,0.32209349253791525,1.2626064907486279,0.11020502712402765,0.5020154756423687,0.9154458280623075,True,29.59885282080088,0.8519442373181384,3.3396214102871022,-0.13457809796755177,0.8529283394358194,0.46122243138274976,True,0.11226980445503898,29.7143355782897,29.59896970132,1,True,True,True,True,True,True,True,True,True
Frontal_Sup_R,29.191512902165236,0.38353996147417085,1.5034766489787497,0.1276611944291368,0.38710306613403744,0.9082165677502111,True,29.075736759542274,1.1705082418321624,4.588392307982076,-0.14458941852126403,0.5731670882803782,0.4177352691089534,True,0.11577614262296265,29.1776062905636,29.4389813982422,1,True,False,True,True,True,True,True,True,True
Frontal_Sup_Orb_L,30.132193718750305,1.9637153863805292,7.697764314611675,0.059417352439014345,0.32859373248862767,0.2526320764760487,True,27.326732991361194,1.5423844061244485,6.046146872007838,-0.08511477742570833,0.7117415100492788,0.25880074368499706,True,2.805460727389111,30.5005741047911,27.5693571678443,1,True,False,False,True,True,True,True,False,False
Frontal_Sup_Orb_R,31.542620951890513,0.48532449952353,1.9024720381322375,0.04355924981032616,2.961714920545423,0.5192618883675935,True,28.370287895786756,4.03930422857461,15.834072576012472,-0.07647719332210295,0.31222418929883416,0.10553123017508181,True,3.1723330561037564,31.255154659675,32.5378265061041,1,True,False,False,False,False,True,False,False,False
Frontal_Mid_L,27.819868971743087,0.3170797719783269,1.2429527061550414,0.1359398536354074,0.40810586023715517,0.9417924613635477,True,29.219438989073062,0.606701598514909,2.3782702661784434,-0.1893415222629516,1.0208374198669832,0.583022904971777,True,-1.3995700173299745,27.7989083148998,29.2186224837433,1,True,True,True,True,True,True,True,True,True
Frontal_Mid_R,27.630190084751717,0.36863024148136153,1.445030546606937,0.1482671375619775,0.3827367650219798,0.9295065463147408,True,28.48430537716544,1.2980962271427652,5.08853721039964,-0.21144148980683497,0.4686529396804569,0.4364284366790566,True,-0.8541152924137236,27.6043599495684,29.3098986927113,1,True,False,True,True,True,True,True,True,True
Frontal_Mid_Orb_L,34.05139963203045,0.6607037310390409,2.5899586256730402,0.16453591472840712,0.32311544355610583,0.6360859274208952,True,27.038759782795847,1.8875659275277485,7.3992584359087745,-0.16270125539785507,0.3868818685310678,0.3500889897863546,True,7.012639849234606,24.5098911870215,27.4903784824588,0,True,False,False,True,True,True,True,True,False
Frontal_Mid_Orb_R,32.13601213139106,0.7485144329033402,2.9341765769810935,0.10859003162386392,0.32715800385864674,0.5521107800428476,True,32.67358070350601,0.8325390649662692,3.263553134667775,-0.15668825638704573,1.6992325799131605,0.3190203651556295,True,-0.5375685721149495,23.8327286834817,33.3934476850703,0,True,True,True,True,True,True,True,True,False
Frontal_Inf_Oper_L,26.53851830322789,0.9702651340086735,3.803439325314,0.11967943781835903,0.2535693564898285,0.801157279958551,True,25.486081442421163,2.179119191849883,8.542147232051542,-0.1861434875253336,0.2952160226491931,0.46744258280625406,True,1.0524368608067256,26.5085012859027,26.5204773290299,1,True,False,False,False,True,True,True,True,True
Frontal_Inf_Oper_R,23.576929680439683,4.127430470424268,16.17952744406313,0.11821187271564423,0.1908945997814126,0.5965914274185448,True,26.41747274160862,1.9635032911378707,7.696932901260453,-0.11631917947362827,0.5579334787962352,0.23297889771039226,True,-2.840543061168937,25.960386604932,26.778943389783,1,True,False,False,False,False,True,True,False,False
Frontal_Inf_Tri_L,21.490213671291745,4.928924303772562,19.32138327078844,0.13934043166469845,0.16200958911352634,0.8053682956703733,True,27.072633810677022,1.4953150836471902,5.861635127896986,-0.21293575667409997,0.3589047201471308,0.4853407114523449,True,-5.5824201393852775,21.3195429119244,27.0716874648204,0,False,False,False,False,False,False,False,False,False
Frontal_Inf_Tri_R,24.43343554053672,1.098060217895935,4.304396054152066,0.10796129392111611,0.3155860151351844,0.8184632369417856,True,27.225873826184483,2.404369511957149,9.425128486872024,-0.221995737850737,0.2926158411924349,0.31264157310666796,True,-2.792438285647762,24.4208505046386,27.8046225258754,1,True,False,False,False,True,True,True,True,False
Frontal_Inf_Orb_L,24.478443255385194,1.447602360470068,5.674601253042667,0.11161190663914647,0.24775825054241576,0.8134522168476871,True,26.369069465902495,1.519389085291921,5.95600521434433,-0.14476416986165785,0.38187465251917674,0.4810742754920503,True,-1.8906262105173006,24.4647774185464,26.2575198416204,1,True,False,True,True,True,True,True,True,True
Frontal_Inf_Orb_R,24.499619943796663,1.3863177003865066,5.434365385515106,0.13155157922756244,0.24557399281090356,0.8275173896581471,True,30.706324113619782,1.7546543437406659,6.87824502746341,-0.1195688339619743,0.7182976897481419,0.22403915427670773,True,-6.206704169823119,24.4924991454108,28.7545092230149,1,True,False,False,True,True,True,True,False,False
Rolandic_Oper_L,-54.39904705323478,0.0,0.0,114.56249874789296,0.10013613028771276,0.7903507174976663,False,-19.291257664190905,0.0,0.0,-649.0655849196398,0.21584301117190471,0.4417925753087577,False,-35.10778938904387,-20.3445731996898,20.4038998339967,0,False,False,False,False,False,False,False,False,False
Rolandic_Oper_R,18.114370944735867,13.819889799863923,54.17396801546658,0.1874922299092995,0.14918595297485884,0.7281838602102098,True,-15.178338751643222,0.0,0.0,-983.2992119769897,0.2510219346133922,0.3460360102045924,False,33.29270969637909,17.9624630696477,-5.08420002717189,0,False,False,False,False,False,False,False,False,False
Supp_Motor_Area_L,25.411049671556967,1.3062993642608385,5.1206935079024865,0.0942673484947225,0.21759232125702266,0.8181597544311691,True,29.376138179708295,0.9068260951409178,3.554758292952398,-0.06444121518310855,2.282006403024465,0.3003271623268783,True,-3.9650885081513287,25.3722243239785,29.3758920102076,1,True,False,True,True,True,True,True,True,False
Supp_Motor_Area_R,26.10262501939056,0.9669961869110851,3.7906250526914538,0.09943115797197505,0.23458574387092665,0.842465623646149,True,29.87667290557034,0.3695929045767332,1.448804185940794,-0.07004547238714044,4.095862420244082,0.33877566084194954,True,-3.7740478861797833,26.0686250838403,29.8772052504089,1,True,True,True,True,True,True,True,True,False
Olfactory_L,-32.271451938191845,1710.027980699411,6703.3096843416915,476.7905495507217,0.1761683929341506,0.24647740017262665,False,26.373271423828243,8.420723257053118e+19,3.3009235167648226e+20,-0.04457830408858612,148.4131591025766,0.131019042929728,True,-58.64472336202009,-10.8883482082734,26.4554349152735,0,False,False,False,False,False,False,False,False,False
Olfactory_R,32.45964187803056,2.2483175996977818,8.813404990815304,0.08464431818273532,0.3875579443523483,0.10660154826326185,True,26.279099257909287,1.3140153837750965,5.150940304398378,-0.08189544041323917,0.6757700097555548,0.337955334208602,True,6.1805426201212725,27.8312133549109,26.2020874549559,1,True,False,False,False,True,True,False,False,False
Frontal_Sup_Medial_L,26.914972768164088,2.1294130860954454,8.347299297494146,0.0845095798594917,0.16287465101339685,0.5436491645123338,True,29.759884061362598,1.9689476297004287,7.71827470842568,-0.07040871527577736,0.6257144648554473,0.18793512421041458,True,-2.8449112931985105,29.4449076881018,29.7598603940001,1,True,False,False,False,True,True,False,False,False
Frontal_Sup_Medial_R,164.0984510974094,4793.171795315781,18789.233437637864,2245.105852989071,0.010564584387674738,0.6283511333026841,False,33.32229899825619,0.4819466477619039,1.8892308592266631,-0.0815679746213601,6.247247049180545,0.25224035580924387,True,130.7761520991532,58.1633028195668,28.4879464917587,0,False,False,False,False,False,False,False,False,False
Frontal_Med_Orb_L,29.686387099431816,0.7331995971445338,2.8741424208065722,0.08557983781016884,0.838430987407636,0.5588816949621729,True,25.325628677480655,2.2849208249442823,8.956889633781586,-0.14081081502204468,0.37221156865600025,0.3421750129833363,True,4.360758421951161,28.9348765684292,25.3250033301464,1,True,False,False,False,True,True,True,True,False
Frontal_Med_Orb_R,29.6390985469703,1.742935881408472,6.832308655121211,0.20078394698655552,0.20280933783725816,0.3644520963917627,True,26.176219140063797,2.1573131101865264,8.456667391931184,-0.13581516780519326,0.3695424089427221,0.3333081863002203,True,3.4628794069065023,30.5172333926412,26.1749587352225,1,True,False,False,False,True,True,True,True,False
Rectus_L,28.98839640526412,1.606948351769525,6.299237538936539,0.04351626576363927,0.3291402310636299,0.39160705675273055,True,26.46276947072349,2.151385864062277,8.433432587124127,-0.12090199851845995,0.3590989891861057,0.3342452561189556,True,2.525626934540629,31.1501958373871,26.4594464109468,0,True,False,False,False,True,True,True,True,False
Rectus_R,30.969674780925352,1.080293794861435,4.234751675856826,0.03823551573731002,0.6857683401833822,0.4163366845622892,True,26.714940191610967,1.5679520542704415,6.146372052740131,-0.12721288620164348,0.4674282175430091,0.3811848573020181,True,4.254734589314385,31.5242394383309,26.7153565159245,0,True,False,False,True,True,True,True,True,False
Insula_L,20.291893312721637,4.7034423499545,18.437494011821638,0.10365632938279022,0.2850250197868417,0.7668249831003222,True,26.37734117406591,766.9337294823331,3006.380219570746,-0.053001002344795864,17.476062934303595,0.1209917755004356,True,-6.085447861344274,20.3512150185057,26.4020875256097,0,False,False,False,False,False,False,False,False,False
Insula_R,18.170470282777057,10.41193823087869,40.81479786504446,0.1318076361357734,0.18016904583901913,0.7806701954591183,True,-380.83569921758203,191677204028.3403,751374639791.094,-0.34169010055626875,4.5399929762484854e-05,1.332256102914986e-05,True,399.0061695003591,18.102511675524,38.2576665215437,0,False,False,False,False,False,False,False,False,False
Cingulum_Ant_L,277.36018464255454,56049.291689489524,219713.22342279894,3564.747294554312,0.005535980640318938,0.360886956100709,False,25.59033242051461,0.5870507638439558,2.301238994268307,-0.10168748339978644,1.3927029820348003,0.46295016139299683,True,251.76985222203993,81.4044701648416,25.8275785291175,0,False,False,False,False,False,False,False,False,False
Cingulum_Ant_R,24.039202607681315,3.2860423053398483e+17,1.2881285836932206e+18,0.030331410800196478,116.82141358824019,0.05736089257342114,True,26.06122616716604,0.8658055161122604,3.3939576231600608,-0.08732094250890123,1.1894043586240066,0.3678297152924246,True,-2.022023559484726,24.5204110501534,27.0383204204823,0,True,False,False,False,False,False,False,False,False
Cingulum_Mid_L,21.6500589680217,5.774115002404719,22.634530809426497,0.0876247785021798,0.30338981754844024,0.46318180679287313,True,23.521082546549696,1.3326355745872922,5.223931452382185,-0.1066502664478465,0.7566586915514881,0.3683108608292699,True,-1.8710235785279963,22.0746884744645,22.8767701270459,0,False,False,False,False,False,False,False,False,False
Cingulum_Mid_R,23.48860937172581,0.3205546270757634,1.2565741381369924,0.08271137473148464,4.328205527550845,0.36329525014631914,True,29.808900651689477,0.49460822753511313,1.9388642519376433,-0.05899077003897228,6.2467329478148885,0.37159838087583086,True,-6.320291279963666,25.4115751858843,21.6331607057303,0,True,True,True,True,True,True,True,True,False
Cingulum_Post_L,-13.146345254397872,553.811770696867,2170.942141131719,719.9354036415838,0.27813177756615987,0.2313079310024797,False,22.291249860826678,3.0759955149297653,12.05790241852468,-0.1928792092997309,0.40187757780693717,0.5088624839804752,True,-35.43759511522455,-1.50353438550264,22.7041225478986,0,False,False,False,False,False,False,False,False,False
Cingulum_Post_R,23.4866560323024,1.332786631962312,5.224523597292263,0.07367491462989416,1.5698396947531357,0.1315841793264615,True,20.744360204810135,6.906111508086169,27.07195711169778,-0.18867987066998382,0.42945512691213333,0.3810626215059496,True,2.7422958274922635,23.4804097697637,19.3581624187862,0,False,False,False,False,False,False,False,False,False
ParaHippocampal_L,27.154333195462087,1.3881988582642584,5.441739524395893,0.02767828666700347,0.38592752564413374,0.4954963624824601,True,26.978648532838776,1877126.54752139,7358336.066283849,-0.054547091567852424,122.58925228926529,0.19956383746321393,True,0.17568466262331128,27.1380106824684,26.5475222575682,1,True,False,False,False,False,True,False,False,False
ParaHippocampal_R,27.926384362742706,2.42942456972798,9.52334431333368,0.014370119878053091,0.49006495012945356,0.18122455775125546,True,-137.12332862198357,,,-0.014313571866098192,148.4131591025766,-4.440892098500626e-16,True,165.04971298472628,27.9044790784218,28.1584965193252,0,False,False,False,False,False,False,False,False,False
Calcarine_L,27.41198745322355,0.5816739532931321,2.280161896909078,0.06604749152005389,0.9236440977056045,0.6343900539209728,True,23.681958517546377,1.7037702746989267,6.678779476819793,-0.24847161784654262,0.3460771312456386,0.6721343102822672,True,3.730028935677172,27.33207677838,24.3224566935815,1,True,False,False,True,True,True,True,True,True
Calcarine_R,26.127006553513137,0.9960108378028215,3.90436248418706,0.07579791261457809,0.36358435118141474,0.7076529258437969,True,25.315163755515826,1.3438255982144554,5.267796345000665,-0.19272292400427699,0.3666069052260056,0.6087144692170248,True,0.8118427979973113,26.0451983457934,25.4214185564531,1,True,False,True,True,True,True,True,True,True
Cuneus_L,25.038405241488427,2.028602824024224,7.952123070174959,0.1980860732254542,0.13618693632965317,0.8275043858670325,True,25.695884548679143,1.020015935118111,3.9984624656629952,-0.2570662439666764,0.33246418629031876,0.7491531677889952,True,-0.6574793071907159,24.9861321886636,25.6960243407697,1,True,False,False,True,True,True,True,True,True
Cuneus_R,30.78639159366159,12.426042165263736,48.71008528783384,0.6129471734723773,0.06908578229635047,0.745604986469833,True,26.495327102080516,0.9875940076122366,3.8713685098399675,-0.21798498097227173,0.42545691135252056,0.6458220582058156,True,4.291064491581075,29.3492515830195,26.4599509879554,1,True,False,False,False,False,True,True,True,True
Lingual_L,29.99045677774631,0.6783675335478209,2.659200731507458,0.08635115403596369,0.5198563375488654,0.6993935555283126,True,24.367961908416035,1.6608371413795942,6.5104815942080085,-0.19450600884130514,0.2998624439037917,0.6897551004136976,True,5.622494869330275,29.972854672587,24.3673668448065,1,True,False,False,True,True,True,True,True,True
Lingual_R,29.276926038441353,0.6616109818865774,2.5935150489953833,0.08375241700455732,0.4333337983557102,0.7516274345473447,True,26.58738618424907,1.4454045191131613,5.665985714923592,-0.12315906896765108,0.4472737412392157,0.4387830711645123,True,2.689539854192283,29.3012537356415,27.3610904949644,1,True,False,True,True,True,True,True,True,True
Occipital_Sup_L,27.311551006833348,0.3924011023593181,1.5382123212485268,0.13226968484142987,0.48808316487139713,0.8994143593055723,True,26.193576095402243,0.6857048946697594,2.687963187105457,-0.29633127498778045,0.43381834777813266,0.7906990386943655,True,1.117974911431105,27.2758001839388,26.1936019365847,1,True,True,True,True,True,True,True,True,True
Occipital_Sup_R,27.645502479957273,0.4043299042957227,1.584973224839233,0.1343548878357833,0.43201573319164505,0.9046752260509545,True,27.590418746401706,0.7367952193682469,2.8882372599235278,-0.2609324411023152,0.6051439937252664,0.6591014683008829,True,0.05508373355556628,27.6157270610675,27.9404407103507,1,True,True,True,True,True,True,True,True,True
Occipital_Mid_L,28.269937594993625,0.325028127479731,1.2741102597205454,0.1250801673314147,0.4200375659754499,0.934426342964811,True,26.82322072764743,0.8152918343551309,3.195943990672113,-0.33432153253144753,0.3930230716673263,0.7438002175416804,True,1.4467168673461934,28.26747263618,26.8230408896707,1,True,True,True,True,True,True,True,True,True
Occipital_Mid_R,28.91790790270922,0.2829717827905578,1.1092493885389865,0.1254032114380743,0.494667435264072,0.9384361368426858,True,28.366818285414315,0.741098752274954,2.9051071089178198,-0.31340526265662955,0.6778910554300821,0.6263709388911627,True,0.551089617294906,28.9164598270938,28.7707847273811,1,True,True,True,True,True,True,True,True,True
Occipital_Inf_L,28.848062902932895,0.44613804375890515,1.748861131534908,0.11968407326571885,0.4478092500003937,0.8711165823659628,True,29.29835415235626,0.5909687422515651,2.3165974696261356,-0.2834119041424089,0.8127268779719774,0.65047080858222,True,-0.4502912494233655,28.8403861793,29.5995647309746,1,True,True,True,True,True,True,True,True,True
Occipital_Inf_R,28.75848175483278,0.37627178429776803,1.4749853944472506,0.12751090422423364,0.3994872949903647,0.9137183359685295,True,29.454221971019045,0.6363226858529227,2.494384928543457,-0.25584456458667093,0.9847685562778279,0.565853850294693,True,-0.695740216186266,28.7513516220955,29.6300598627369,1,True,True,True,True,True,True,True,True,True
Fusiform_L,28.18483516848465,0.5237325465009265,2.053031582283632,0.13285769624326707,0.3478397103131046,0.8694342209859831,True,30.191111923457214,0.8795576346725323,3.4478659279163266,-0.09943847572444107,1.1832345328899254,0.398457077137231,True,-2.006276754972564,28.1662339896927,29.4138313541428,1,True,True,True,True,True,True,True,True,False
Fusiform_R,28.135584009919068,0.5143218393606415,2.0161416102937144,0.132473707668036,0.3550127626301524,0.872224318882121,True,32.68878106964348,1.4239498288455747,5.581883329074653,-0.06609488014433051,1.7671937212440212,0.13283626236574875,True,-4.553197059724415,28.1277318400782,33.2076195280397,1,True,False,True,True,True,True,False,False,False
Postcentral_L,23.675524871228873,0.9142767653885681,3.583964920323187,0.1475341196908949,0.32750492218081495,0.8971820579151867,True,26.8586553178503,0.9188135306554982,3.601749040169553,-0.14593001689773466,0.552343869694022,0.5819387556652833,True,-3.1831304466214263,23.6344720334235,26.8589537878746,1,True,True,True,True,True,True,True,True,True
Postcentral_R,23.428368207599124,1.0975566921464426,4.302422233214055,0.13827721855372116,0.31552724976131774,0.8830953472520394,True,26.869036479910193,1.1788789248418143,4.621205385379912,-0.1390662681242827,0.6090702757482905,0.4223850916253419,True,-3.4406682723110684,23.3801140891033,27.1605953369045,1,True,False,True,True,True,True,True,True,True
Parietal_Sup_L,27.920126874761756,0.2760681081824958,1.0821869840753835,0.1359500518374569,0.5551537068582318,0.9367607238380214,True,28.51119326298013,0.41100843606686466,1.6111530693821094,-0.23348479629523014,0.8001323268484011,0.8221317089272008,True,-0.5910663882183727,27.9024046921605,28.5105817796941,1,True,True,True,True,True,True,True,True,True
Parietal_Sup_R,28.3456955391698,0.2897438244111235,1.1357957916916042,0.14261022729301348,0.5315129612529966,0.9334278748132686,True,28.950066103362,0.4837935418310362,1.8964706839776617,-0.21805403363414858,1.1630834655028233,0.6651121532936357,True,-0.6043705641922017,28.3596492935111,29.1268250947112,1,True,True,True,True,True,True,True,True,True
Parietal_Inf_L,26.931339992014482,0.37645444761773994,1.4757014346615405,0.14672347366994776,0.354397514596256,0.9390265906667905,True,25.64026290881594,1.2440443506841004,4.876653854681673,-0.2648559522275932,0.3572806062244102,0.6391494926113015,True,1.291077083198541,26.8935456385801,25.6405678751692,1,True,False,True,True,True,True,True,True,True
Parietal_Inf_R,27.542138406620754,0.288171785343635,1.1296333985470493,0.1370151670023661,0.5006832164444712,0.9401964404676134,True,26.979654015815246,0.9633947352421866,3.776507362149371,-0.25746683524034064,0.5004846127601205,0.5929872643917034,True,0.5624843908055084,27.5115202213709,27.2590836097441,1,True,True,True,True,True,True,True,True,True
SupraMarginal_L,25.96155850109214,0.7491281034008584,2.936582165331365,0.11752880774277837,0.34588135809762377,0.8278224226686984,True,20.055597166924493,8.174287553668487,32.043207210380466,-0.4551845789022449,0.2529573334592976,0.5763551736318876,True,5.905961334167646,25.7220455982077,1.15862548751746,0,False,False,False,False,False,False,False,False,False
SupraMarginal_R,21.650280535859082,3.580102249309472,14.03400081729313,0.16955775954016453,0.1729029706789223,0.8653449327704158,True,26.09138415759561,0.9300218494588125,3.645685649878545,-0.23663068771617435,0.6918839463994707,0.49773312009680026,True,-4.441103621736527,21.5219549760502,25.5466099903732,0,False,False,False,False,False,False,False,False,False
Angular_L,27.010210713407293,0.46030989628311,1.8044147934297912,0.13611006300229261,0.3724371184281459,0.9051226542448285,True,26.421935230373784,0.7523931924909901,2.9493813145646812,-0.32200933248736713,0.45208613559060484,0.7419956460888442,True,0.5882754830335095,26.9684431451229,26.4221095655476,1,True,True,True,True,True,True,True,True,True
Angular_R,27.206876864408105,0.32831549406848354,1.2869967367484554,0.14388091621147137,0.4148437675352253,0.9408788606440179,True,27.028463143896964,1.0590767317102052,4.151580788304004,-0.29868484005610324,0.48236119703415015,0.5589328937221537,True,0.17841372051114135,27.1610446507035,27.4152763092754,1,True,False,True,True,True,True,True,True,True
Precuneus_L,27.649284871212416,0.405017702250067,1.5876693928202625,0.11647619302411748,0.3379650205057697,0.9259343755083416,True,26.842282842427593,0.7172533410914936,2.811633097078655,-0.2262028543049076,0.38196052877566494,0.7957474916902333,True,0.8070020287848223,27.6374523590309,26.8424522774706,1,True,True,True,True,True,True,True,True,True
Precuneus_R,26.60508921754036,0.4662876143832439,1.827847448382316,0.13356901181013894,0.25804581821113803,0.9433650821960423,True,27.129927272441932,0.8467178603855128,3.31913401271121,-0.18729185237562831,0.4130861502868549,0.708286803964008,True,-0.5248380549015721,26.5727774370475,27.1296936206738,1,True,True,True,True,True,True,True,True,True
Paracentral_Lobule_L,25.027354939245324,0.7302404134425277,2.8625424206947083,0.1086293605806839,0.4524274082786203,0.787114575555842,True,27.123679825771028,0.9038604204781303,3.5431328482742708,-0.09202014679039419,0.9175445526586056,0.41487686913290456,True,-2.0963248865257036,24.9930791456695,27.1237774691853,1,True,True,True,True,True,True,True,True,True
Paracentral_Lobule_R,25.327442337047977,0.540603330275547,2.119165054680144,0.09961158773088663,0.4230188310965015,0.8784413778714567,True,29.148419673103884,0.3441269317144781,1.3489775723207542,-0.07574921045065154,4.259660803204684,0.3734941904176162,True,-3.8209773360559076,25.2751438730175,29.1785484531935,1,True,True,True,True,True,True,True,True,False
Heschl_L,-17.761989828323145,1644.961227823382,6448.248013067657,405.65185852859065,0.2305187816833707,0.638122600070363,False,-25.214635061846128,0.0,0.0,-216.38457259382585,0.16453099798465765,0.5448615673351265,False,7.452645233522983,-2.72625553796035,22.5121975973793,0,False,False,False,False,False,False,False,False,False
Heschl_R,-7.652416525660553,0.0,0.0,366.33415228798236,0.32220586175444593,0.3122287980650664,False,-26.30898320984947,560.5249538806092,2197.257819211988,-1366.97790210071,0.20743473342681074,0.23634519982635305,False,18.656566684188917,25.1944663434115,-33.5812650931287,0,False,False,False,False,False,False,False,False,False
Temporal_Sup_L,21.767590233416865,2.6020157206711843,10.199901625031043,0.13685182690512024,0.23045236369137725,0.8688278820519063,True,25.287796057923092,0.9525400541491245,3.7339570122645678,-0.2786672467499627,0.42419976704342865,0.6978480266425817,True,-3.5202058245062275,21.632404351322,24.513637158486,0,False,False,False,False,False,False,False,False,False
Temporal_Sup_R,21.721832020646428,2.064554752088368,8.093054628186401,0.11281678744910213,0.3156229793651023,0.8572988880717662,True,26.217502999492037,0.7905894273160281,3.09911055507883,-0.1932841494405255,0.9430996464548754,0.47705293959038386,True,-4.4956709788456095,24.6465410044287,25.0553186141288,1,False,False,False,False,False,False,False,False,False
Temporal_Pole_Sup_L,23.258044376508806,2.2979912752839113,9.008125799112932,0.06480076811876555,0.2991231990047908,0.6813000036886877,True,26.011646984527193,3.012325600042846,11.808316352167957,-0.16780548416678187,0.2500951777177172,0.34273941847253286,True,-2.7536026080183866,22.2565184117322,26.1384110259438,0,True,False,False,False,False,True,True,True,False
Temporal_Pole_Sup_R,21.51522452770563,5.830123162466231,22.854082796867626,0.14226411468759978,0.15211890369199818,0.7662600649534361,True,31.10073349066977,1.5673065152909547,6.143841539940542,-0.1581598026580813,0.4657115379948277,0.3135438071169293,True,-9.585508962964141,21.437404528057,33.3234561872366,0,False,False,False,False,False,False,False,False,False
Temporal_Mid_L,27.67257072918435,0.3314128860667015,1.29913851338147,0.12959474686988567,0.38918456572847065,0.9408805721793401,True,26.545050978511053,1.3841164281366611,5.425736398295712,-0.3417735127687066,0.35492939331665463,0.5491231036935038,True,1.1275197506732972,27.669392343402,26.5254904454299,1,True,False,True,True,True,True,True,True,True
Temporal_Mid_R,26.48526969124299,0.3972276702192963,1.5571324672596414,0.15183296505544722,0.277627541958195,0.9553786078704634,True,27.049605898692896,1.4020257215503327,5.495940828477304,-0.29948469811824446,0.3857554352849855,0.4946436042903488,True,-0.5643362074499052,26.4548248472767,27.6000242929154,1,True,False,True,True,True,True,True,True,True
Temporal_Pole_Mid_L,34.870224588758646,41128.451028331954,161223.52803106126,0.025664963664945743,148.4131591025766,0.3074035258579302,False,29.45991468481793,3.2495572612622277,12.738264464147932,-0.33159279240233536,0.15582236874145522,0.29352820532187873,True,5.410309903940714,34.6993724577743,33.3265936606647,1,False,False,False,False,False,False,False,False,False
Temporal_Pole_Mid_R,34.77011387519652,0.2257679723457311,0.8850104515952659,0.03325610557623119,11.732963847555933,0.35899426802965717,True,33.28963854348768,0.8994703526521199,3.52592378239631,-0.17242458886055306,1.1451008673821501,0.31650082783311506,True,1.4804753317088384,-791683.712751296,34.6925759974023,0,True,True,True,True,True,True,True,True,False
Temporal_Inf_L,29.71342022785952,0.35038873702512696,1.3735238491384976,0.11915425013134454,0.3587352085928552,0.9192236887699703,True,28.145406400207417,1.6088285311892314,6.306607842261787,-0.23353931234297695,0.3265014565484524,0.4283694727750256,True,1.568013827652102,29.7209898325554,29.8562148909291,1,True,False,False,True,True,True,True,True,True
Temporal_Inf_R,30.081262444308976,0.4967237392910874,1.9471570580210624,0.12042089941785851,0.33613138034381146,0.842120277691212,True,30.43199979729242,1.6238907325718468,6.365651671681639,-0.15246327741045065,0.5533650953862606,0.2905106680667505,True,-0.3507373529834439,30.0306969512836,30.5830667156539,1,True,False,False,True,True,True,True,False,False
