Region Label,Tini_curvature,Inclusion flag,n,ga_min,ga_max,a,amplitude,k,Tini_radiality,SE_Tini_radiality,CI_width_radiality,R2_radiality,p_fit_radiality,p_Tini_radiality,converged,q_fit_radiality,q_Tini_radiality,primary_radiality_pass,strict_radiality_pass,joint_primary_pass,joint_strict_pass,delta_weeks
Precentral_L,24.8434139501039,1,93,22.571428571428573,38.285714285714285,0.6695481402926569,-0.17304979215332109,0.7802146685676776,28.377140551136705,0.38712686359099263,1.5175373052766912,0.8444044991686492,7.73192750816187e-36,2.3153360023147766e-81,True,1.9454527278600835e-35,7.550008703200359e-81,True,True,True,True,-3.5337266010328037
Precentral_R,24.4249674895017,1,93,22.571428571428573,38.285714285714285,0.6753486450664836,-0.18955236241221896,0.6629097406134654,27.970943525650693,0.4373366216330805,1.7143595568016756,0.8332546225855575,1.6711010616237065e-34,3.4526321672250126e-76,True,3.724168080189975e-34,8.929221122133654e-76,True,True,True,True,-3.5459760361489927
Frontal_Sup_L,29.7143355782897,1,93,22.571428571428573,38.285714285714285,0.6715042935628694,-0.16144907256614374,0.8359143183807524,29.253302218129022,0.4037243632659241,1.5825995040024223,0.7949107693770983,1.6334661163417898e-30,6.376507600667689e-81,True,3.18525892686649e-30,1.953182875157096e-80,True,True,True,True,0.46103336016067686
Frontal_Sup_R,29.1776062905636,1,93,22.571428571428573,38.285714285714285,0.6855278792154332,-0.16034742697511212,0.9839156092392392,28.977289959409546,0.34259623669033135,1.3429772478260988,0.8254918239520121,1.2601773934120736e-33,8.129630548919058e-87,True,2.6565901807065335e-33,4.064815274459528e-86,True,True,True,True,0.20031633115405256
Frontal_Sup_Orb_L,30.5005741047911,1,92,22.571428571428573,38.285714285714285,0.5846804502698956,-0.08445543066857857,0.3114626979289682,30.55888549679968,1.820794680048913,7.137515145791739,0.27535717353767764,2.8539677889833317e-06,3.6224251027949666e-29,True,3.049445034804108e-06,4.3124108366606744e-29,True,True,True,True,-0.05831139200858004
Frontal_Sup_Orb_R,31.255154659675,1,92,22.571428571428573,38.285714285714285,0.5747777346006251,-0.043192355130660755,26.572547112183976,33.47339859714251,4.122321768933292,16.159501334218504,0.2899659535304018,1.1931234540743462e-06,2.6348099920040176e-12,True,1.2925504085805418e-06,2.9941022636409293e-12,True,False,True,False,-2.2182439374675127
Frontal_Mid_L,27.7989083148998,1,93,22.571428571428573,38.285714285714285,0.7119898582318435,-0.19003055843862213,1.400454724518477,29.18588827033428,0.22750793114242468,0.8918310900783047,0.8811106943679795,4.98057667975756e-41,8.771914282127982e-103,True,1.6890651348743029e-40,1.6447339278989967e-101,True,True,True,True,-1.3869799554344802
Frontal_Mid_R,27.6043599495684,1,93,22.571428571428573,38.285714285714285,0.711694597736494,-0.20105351141016095,0.7756750713456012,28.59231232003858,0.36581480674279987,1.4339940424317754,0.8547667620304694,3.6219131487435627e-37,8.346397948582838e-84,True,9.416974186733262e-37,3.477665811909516e-83,True,True,True,True,-0.9879523704701789
Frontal_Mid_Orb_L,24.5098911870215,0,93,22.571428571428573,38.285714285714285,0.6620075092550144,-0.15046931654163512,0.3623606481308627,29.319586747869607,0.9194932598233334,3.604413578507467,0.6373154604885451,1.5281941744549683e-19,1.7732514227854218e-50,True,2.0551576828877159e-19,2.607722680566797e-50,True,True,False,False,-4.809695560848109
Frontal_Mid_Orb_R,23.8327286834817,0,93,22.571428571428573,38.285714285714285,0.6598134208517354,-0.16015179838194574,0.3963980810816444,29.46741765627074,0.6975570800356156,2.734423753739613,0.7388187705657623,7.415346768873576e-26,1.1240306372360089e-60,True,1.204993849941956e-25,1.793665910482993e-60,True,True,False,False,-5.634688972789039
Frontal_Inf_Oper_L,26.5085012859027,1,93,22.571428571428573,38.285714285714285,0.6661072627839931,-0.16437726387162307,0.4849413280594174,27.694561960746057,0.6466633983528847,2.5349205215433077,0.765124536522012,6.696794256638483e-28,3.511195983963957e-61,True,1.1607776711506702e-27,5.724776060810799e-61,True,True,True,True,-1.1860606748433575
Frontal_Inf_Oper_R,25.960386604932,1,93,22.571428571428573,38.285714285714285,0.6773722975386922,-0.16271739141847608,0.5059845096781651,26.014668207947718,0.6253808108575734,2.4514927785616876,0.7810312405089817,2.9849692214742473e-29,4.146488512995638e-60,True,5.678721933536373e-29,6.478888301555685e-60,True,True,True,True,-0.05428160301571694
Frontal_Inf_Tri_L,21.3195429119244,0,93,22.571428571428573,38.285714285714285,0.7034315681987255,-0.18929000128412277,0.688591548327954,28.524276384157805,0.37896647451693655,1.4855485801063912,0.8607277798509946,5.629126016192993e-38,2.2767469361387162e-82,True,1.5681136759394765e-37,8.131239057638272e-82,True,True,False,False,-7.2047334722334035
Frontal_Inf_Tri_R,24.4208505046386,1,93,22.571428571428573,38.285714285714285,0.7139769352218254,-0.20082023583300657,0.4617904418319729,26.99383624829308,0.4827116593516278,1.892229704658381,0.8665951579608544,8.318490618830169e-39,4.010145312962139e-71,True,2.403119512106493e-38,8.845908778592953e-71,True,True,True,True,-2.5729857436544776
Frontal_Inf_Orb_L,24.4647774185464,1,93,22.571428571428573,38.285714285714285,0.6379220863353529,-0.14296033175715,0.3845205886046204,28.197980115593378,0.6274771328169815,2.459710360642567,0.8074914968398832,9.839915175688446e-32,5.839371033769812e-63,True,2.0197720623781547e-31,9.953473353016725e-63,True,True,True,True,-3.733202697046977
Frontal_Inf_Orb_R,24.4924991454108,1,93,22.571428571428573,38.285714285714285,0.6391125602956418,-0.130506681124159,0.4115577611776701,27.89773836111626,0.6769705802699518,2.653724674658211,0.7776842804189517,5.850594502409284e-29,9.175139633109771e-60,True,1.086538979018867e-28,1.4043581071086383e-59,True,True,True,True,-3.4052392157054605
Rolandic_Oper_L,-20.3445731996898,0,91,23.0,38.285714285714285,1.156938502832832,-0.6889698853591615,0.14396557513790784,8.3005594134674,78.25214821554789,306.7484210049477,0.731960412326055,8.631555714333608e-25,0.9157674259181656,True,1.3201202857216105e-24,0.9281426614035463,False,False,False,False,-28.6451326131572
Rolandic_Oper_R,17.9624630696477,0,93,22.571428571428573,38.285714285714285,1.4010660440912437,-0.9302083586957045,0.19755340274143707,11.359731213918131,44.92778925320941,176.1169338725809,0.7270384225876159,5.240164685230179e-25,0.8009716822414529,True,8.341486641794978e-25,0.8229161118919036,False,False,False,False,6.602731855729569
Supp_Motor_Area_L,25.3722243239785,1,93,22.571428571428573,38.285714285714285,0.6359882461692786,-0.09662813117365943,1.2969415280836283,29.218420654413524,0.4302002600562479,1.6863850194204917,0.6908417733685206,1.303536801594005e-22,1.8274916118578978e-78,True,1.848652191351498e-22,5.0763655884941605e-78,True,True,True,True,-3.846196330435024
Supp_Motor_Area_R,26.0686250838403,1,93,22.571428571428573,38.285714285714285,0.6429996973208648,-0.111031825735122,3.050456076811578,29.770923589840635,0.21519602162964205,0.8435684047881968,0.7477318600175797,1.590812601122127e-26,1.0963143136260407e-105,True,2.6400719763303383e-26,8.222357352195306e-104,True,True,True,True,-3.7022985060003357
Olfactory_L,-10.8883482082734,0,93,22.571428571428573,38.285714285714285,0.5097316758814832,-0.029643894678518228,474.2436493258529,26.363520235054647,0.0,0.0,0.12613869032179692,0.007158676744904907,,True,0.007158676744904908,,False,False,False,False,-37.25186844332805
Olfactory_R,27.8312133549109,1,91,22.571428571428573,38.285714285714285,0.5438431778749478,-0.05954277921539629,1.7080417247446251,29.60140985345745,0.5897727973033046,2.3119093654289538,0.4628207468198151,9.415999423524229e-12,5.142754399017962e-66,True,1.0961909776640147e-11,9.889912305803773e-66,True,True,True,True,-1.7701964985465501
Frontal_Sup_Medial_L,29.4449076881018,1,93,22.571428571428573,38.285714285714285,0.6500184646657421,-0.09178845942024795,0.3698586436486417,28.36791718143752,1.06568600478743,4.177489138766725,0.5954363412992314,1.9134120498686837e-17,3.7130003202985936e-44,True,2.4874356648292887e-17,4.972768286114188e-44,True,True,True,True,1.0769905066642806
Frontal_Sup_Medial_R,58.1633028195668,0,93,22.571428571428573,38.285714285714285,0.667438259987952,-0.14852211237966148,0.23043248080267326,28.101441469099683,1.0428477893712294,4.087963334335219,0.6968545275889688,5.462276777792107e-23,1.4085403377534907e-44,True,8.038822427694045e-23,1.956306024657626e-44,True,True,False,False,30.06186135046712
Frontal_Med_Orb_L,28.9348765684292,1,93,22.571428571428573,38.285714285714285,0.6635800273745757,-0.1896996590550975,0.22778843596667922,23.97064710931866,2.7273741757434213,10.691306768914211,0.6540617590098471,1.8880625583260387e-20,1.027247683827916e-13,True,2.58366455349879e-20,1.1852857890322107e-13,True,False,True,False,4.964229459110541
Frontal_Med_Orb_R,30.5172333926412,1,93,22.571428571428573,38.285714285714285,0.6453568827998609,-0.1475721487379816,0.35878353388792716,26.447298630167026,1.3557611268420418,5.314583617220803,0.5593218530576174,8.341018278571339e-16,6.747183879049404e-34,True,1.016561602700882e-15,8.295717884077136e-34,True,True,True,True,4.069934762474173
Rectus_L,31.1501958373871,0,93,22.571428571428573,38.285714285714285,0.6017845311482559,-0.13759932384693202,0.19334270348458227,29.987755699305588,1.718055337733497,6.734776923915308,0.42482046665690476,1.0278926909134539e-10,1.7591991442838455e-30,True,1.1619656505978174e-10,2.1280634809885228e-30,True,True,False,False,1.1624401380815108
Rectus_R,31.5242394383309,0,93,22.571428571428573,38.285714285714285,0.6207004198356648,-0.1171282263676941,0.2984163167383016,28.966600233230118,1.0013385624320592,3.925247164733672,0.6357896596684978,1.8399641948599718e-19,4.839993039461182e-47,True,2.4324950372725053e-19,6.849046753954504e-47,True,True,False,False,2.557639205100781
Insula_L,20.3512150185057,0,90,22.571428571428573,38.285714285714285,0.5307893060749289,-0.03138071820806207,3263564717045307.0,30.29928809645363,6.392296044774625e+17,2.505780049551653e+18,0.2265490691899371,5.8763930995293126e-05,1.0,True,6.111448823510485e-05,1.0,False,False,False,False,-9.948073077947928
Insula_R,18.102511675524,0,91,22.571428571428573,38.285714285714285,0.5372025603314167,-0.0327141868500372,0.5552625610269567,25.73975701248206,2.2581828705284415,8.852076852471491,0.18982275403370885,0.00036085871182675117,6.007652979471141e-19,True,0.0003703549937169288,7.040218335317744e-19,True,False,False,False,-7.63724533695806
Cingulum_Ant_L,81.4044701648416,0,92,22.571428571428573,38.285714285714285,0.5685683016113138,-0.08654529709875418,1.2518010135703448,24.983587312479298,0.5333449369805908,2.090712152963916,0.5270173991634278,2.7303813505808688e-14,5.318195937640981e-64,True,3.2764576206970426e-14,9.49677846007318e-64,True,True,False,False,56.4208828523623
Cingulum_Ant_R,24.5204110501534,0,90,22.571428571428573,38.285714285714285,0.5375295618283462,-0.0503487050832618,15.058480888478973,27.08816972953279,34.35472730041082,134.67053101761041,0.4022016451150232,1.186267125262212e-09,0.43258151454757854,True,1.3218405110064648e-09,0.4569523040995548,False,False,False,False,-2.5677586793793914
Cingulum_Mid_L,22.0746884744645,0,90,23.0,38.285714285714285,0.683377498164789,-0.20266263284743266,0.686967221701952,21.148398361295357,8.154612198159413,31.966079816784898,0.30096719579040776,8.64265621318648e-07,0.011167212614256398,True,9.494749079275287e-07,0.011964870658131855,False,False,False,False,0.926290113169145
Cingulum_Mid_R,25.4115751858843,0,90,22.571428571428573,38.285714285714285,0.5304733799119628,-0.05154257381480424,92.00561804892624,30.137064461493825,,,0.45481749665216376,2.3931461430860934e-11,,True,2.7450793994222837e-11,,False,False,False,False,-4.725489275609526
Cingulum_Post_L,-1.50353438550264,0,92,22.571428571428573,38.285714285714285,0.7414076770456366,-0.2606829510697214,0.310298595875123,19.8396297865773,7.4707205132712105,29.285224412023144,0.5774960614074085,1.9891700085438197e-16,0.009396113997810839,True,2.5025042042970634e-16,0.010213167388924825,False,False,False,False,-21.34316417207994
Cingulum_Post_R,23.4804097697637,0,92,22.571428571428573,38.285714285714285,0.6511538005610715,-0.17596330937512428,0.32202201390745705,20.463980769047843,7.001504060567618,27.445895917425062,0.4988669926786191,3.384928837076596e-13,0.00440877441507692,True,4.0003704438177953e-13,0.004862618840158367,False,False,False,False,3.0164290007158563
ParaHippocampal_L,27.1380106824684,1,91,22.571428571428573,38.285714285714285,0.5136578092524235,-0.027042278058136495,6.540492716995721,26.450704562995575,1.0417203470029104,4.083543760251408,0.2431641577891014,2.0864513784740175e-05,5.343257694931267e-42,True,2.1992325340672075e-05,6.909384950342156e-42,True,True,True,True,0.6873061194728258
ParaHippocampal_R,27.9044790784218,0,88,22.571428571428573,38.285714285714285,0.513553090507326,-0.024312110893882445,3.42681347816873,26.355038449336124,1.232490074211272,4.831361090908187,0.18405547941306755,0.0006471913184867053,9.794572128261055e-36,True,0.0006555964005449742,1.224321516032632e-35,True,True,False,False,1.5494406290856766
Calcarine_L,27.33207677838,1,93,22.571428571428573,38.285714285714285,0.7326864716320487,-0.2552229135656993,0.311652600591846,24.0808170211429,0.9002014251378251,3.5287895865402743,0.886825812057219,5.578961179269963e-42,2.5160618606128825e-44,True,2.0721855808717004e-41,3.430993446290294e-44,True,True,True,True,3.2512597572371007
Calcarine_R,26.0451983457934,1,93,22.571428571428573,38.285714285714285,0.7106645063393965,-0.2442415481932097,0.2898207291482268,24.56166795640266,0.7875721946624347,3.087283003076744,0.9079614832104789,5.707317924552596e-46,1.0893544113984192e-49,True,3.424390754731558e-45,1.5711842472092584e-49,True,True,True,True,1.4835303893907401
Cuneus_L,24.9861321886636,1,93,22.571428571428573,38.285714285714285,0.7318202101326754,-0.23301487551406858,0.3664094260481881,26.905996517824562,0.5205201624148712,2.040439036666295,0.885927642140966,7.926995943621379e-42,3.580626002720891e-68,True,2.810480380011216e-41,7.459637505668523e-68,True,True,True,True,-1.919864329160962
Cuneus_R,29.3492515830195,1,93,22.571428571428573,38.285714285714285,0.7490584770427474,-0.25355999116471883,0.35470011598399376,26.25136642555428,0.536636334398894,2.1036144308436646,0.8951539632521481,1.8678383074060553e-43,4.1012051447079643e-66,True,7.284569398883617e-43,8.094483838239403e-66,True,True,True,True,3.097885157465221
Lingual_L,29.972854672587,1,93,22.571428571428573,38.285714285714285,0.6639379221134621,-0.20420305958918866,0.23779556588670936,24.900555777947233,0.9639094288202986,3.7785249609755707,0.8985108356944154,4.3978762130279383e-44,3.958966912436917e-43,True,1.805443919032522e-43,5.2091669900485746e-43,True,True,True,True,5.0722988946397685
Lingual_R,29.3012537356415,1,93,22.571428571428573,38.285714285714285,0.641698423722262,-0.16401872000294684,0.3529566215597294,26.410422471425637,0.6007846948529343,2.3550760038235024,0.8696861920587592,2.9358692583022004e-39,3.8127133203260296e-62,True,8.8076077749066e-39,6.354522200543383e-62,True,True,True,True,2.890831264215862
Occipital_Sup_L,27.2758001839388,1,93,22.571428571428573,38.285714285714285,0.7576610851939719,-0.2706487066227263,0.5915933402250937,27.556811714002112,0.34826301182901664,1.3651910063697452,0.8989042878983579,3.7005552309969303e-44,2.840975313097993e-84,True,1.6923364661106735e-43,1.331707178014684e-83,True,True,True,True,-0.2810115300633136
Occipital_Sup_R,27.6157270610675,1,93,22.571428571428573,38.285714285714285,0.7670849738783309,-0.2768647549901641,0.6038014114564004,27.905026145586582,0.2899196116282028,1.136484877582555,0.926344414411595,2.848957330431627e-50,9.291877727005493e-92,True,2.222186717736669e-49,6.335371177503746e-91,True,True,True,True,-0.28929908451908304
Occipital_Mid_L,28.26747263618,1,93,22.571428571428573,38.285714285714285,0.7983074316479322,-0.2929653837326331,0.5956099896532241,28.372045613917205,0.26379358501359096,1.0340708532532765,0.9372436491062384,2.3029261190923325e-53,5.159835622811468e-96,True,8.490080783568395e-52,4.299863019009557e-95,True,True,True,True,-0.10457297773720597
Occipital_Mid_R,28.9164598270938,1,93,22.571428571428573,38.285714285714285,0.8070514533166568,-0.30404381415755244,0.707050370472274,28.7331481678996,0.23727517000541254,0.9301186664212171,0.9364803495842687,3.9423099636640796e-53,1.444025951321652e-100,True,8.490080783568395e-52,2.1660389269824776e-99,True,True,True,True,0.18331165919419945
Occipital_Inf_L,28.8403861793,1,93,22.571428571428573,38.285714285714285,0.766676286393229,-0.25959271411946605,0.7591752445867874,29.084912075332564,0.2206658456012565,0.8650101147569255,0.9363383404833945,4.353887581317126e-53,7.983732771683645e-104,True,8.490080783568395e-52,2.257887698218524e-102,True,True,True,True,-0.24452589603256314
Occipital_Inf_R,28.7513516220955,1,93,22.571428571428573,38.285714285714285,0.7708223948154374,-0.2614055981509984,0.8463421963392475,29.196041091229066,0.2218176701242365,0.869525266887007,0.927173682143589,1.7220837726713563e-50,9.031550792874096e-104,True,1.492472602981842e-49,2.257887698218524e-102,True,True,True,True,-0.4446894691335679
Fusiform_L,28.1662339896927,1,93,22.571428571428573,38.285714285714285,0.6106372377107178,-0.10785406322247261,0.624009082119285,30.533621244170373,0.5373523029909538,2.1064210277245388,0.7742988909764625,1.1438153637829836e-28,1.0044733854151651e-71,True,2.074827869187738e-28,2.3542344970667933e-71,True,True,True,True,-2.3673872544776735
Fusiform_R,28.1277318400782,1,93,22.571428571428573,38.285714285714285,0.6056862396051674,-0.09470316146704724,0.769701240510148,30.23796542191871,0.6126017178742675,2.401398734067129,0.6755168906865456,1.110219383420958e-21,1.8958285519282307e-66,True,1.5463769983363342e-21,3.842895713368035e-66,True,True,True,True,-2.1102335818405074
Postcentral_L,23.6344720334235,1,93,22.571428571428573,38.285714285714285,0.6592381128294643,-0.1693287428004476,0.7038209273045389,27.577996052843293,0.35254063692619914,1.3819592967507006,0.8743269832346715,5.862188614487666e-40,7.752277485529528e-84,True,1.8290028477201518e-39,3.420122420086557e-83,True,True,True,True,-3.943524019419794
Postcentral_R,23.3801140891033,1,93,22.571428571428573,38.285714285714285,0.6735327013418068,-0.18631001585633625,0.4569328266352303,26.688116036735774,0.5646777559990455,2.2135368035162584,0.8311431792385214,2.921797091197316e-34,7.853595143576749e-65,True,6.330560364260851e-34,1.4366332579713565e-64,True,True,True,True,-3.308001947632473
Parietal_Sup_L,27.9024046921605,1,93,22.571428571428573,38.285714285714285,0.7436462483883597,-0.2395311096598906,0.7036634072072916,28.504650237249614,0.2841863184092381,1.1140103681642133,0.9153543177756429,1.3801204002623987e-47,2.4474833528102426e-93,True,8.970782601705591e-47,1.835612514607682e-92,True,True,True,True,-0.6022455450891151
Parietal_Sup_R,28.3596492935111,1,93,22.571428571428573,38.285714285714285,0.7331143058396603,-0.22922484145298302,0.9669430418221432,29.198838056295887,0.24759964263695206,0.9705905991368521,0.8987816678716907,3.9053918448707853e-44,1.5071750733188382e-99,True,1.6923364661106735e-43,1.4129766312364109e-98,True,True,True,True,-0.8391887627847865
Parietal_Inf_L,26.8935456385801,1,93,22.571428571428573,38.285714285714285,0.726205641661634,-0.21473141353159045,0.7676037447360538,28.51050631699635,0.3655979288148689,1.433143880954286,0.8581657994175739,1.2650068727126209e-37,1.0187646469856627e-83,True,3.4024322783304976e-37,4.021439395996037e-83,True,True,True,True,-1.6169606784162482
Parietal_Inf_R,27.5115202213709,1,93,22.571428571428573,38.285714285714285,0.7340340709273423,-0.2340899103488095,1.039515319810387,28.94546894234951,0.2431714852004128,0.9532322219856181,0.8992767244622627,3.1406954135691833e-44,6.603111516387071e-100,True,1.531089014114977e-43,8.253889395483839e-99,True,True,True,True,-1.4339487209786093
SupraMarginal_L,25.7220455982077,0,93,22.571428571428573,38.285714285714285,0.9581453617113359,-0.5019900239832471,0.20617593044649887,19.03920491651181,5.4180605227231515,21.238797249074754,0.8762531897871794,2.9513348958437606e-40,0.0006961602712422328,True,9.591838411492221e-40,0.0007792838857189172,False,False,False,False,6.68284068169589
SupraMarginal_R,21.5219549760502,0,93,22.571428571428573,38.285714285714285,0.8015278927632149,-0.3252927029478224,0.29497613284197605,24.15457895533184,1.149763011145481,4.507071003690286,0.8413879986710043,1.813914249053412e-35,2.9499190486819384e-36,True,4.287433679580792e-35,3.749897095782125e-36,True,True,False,False,-2.6326239792816395
Angular_L,26.9684431451229,1,93,22.571428571428573,38.285714285714285,0.7967238813317576,-0.28305716305202006,0.7488998658495417,28.33721639138804,0.23913573124988502,0.9374120664995492,0.93662714946868,3.556869008219925e-53,9.832973166087252e-100,True,8.490080783568395e-52,1.0535328392236343e-98,True,True,True,True,-1.368773246265139
Angular_R,27.1610446507035,1,93,22.571428571428573,38.285714285714285,0.7973114504437081,-0.27749199890713894,0.715716898423643,28.52742222628468,0.2990714855053836,1.1723602231811037,0.9054748549457458,1.8666393511566614e-45,2.0579471969448342e-91,True,1.0399847813587113e-44,1.2862169980905215e-90,True,True,True,True,-1.3663775755811827
Precuneus_L,27.6374523590309,1,93,22.571428571428573,38.285714285714285,0.7020082823066216,-0.22157743318090925,0.3730306915411816,27.6928954494667,0.3921205485541523,1.537112550332277,0.9226332332269129,2.534281081864881e-49,6.017018741437345e-80,True,1.797035676231461e-48,1.7356784831069265e-79,True,True,True,True,-0.05544309043580142
Precuneus_R,26.5727774370475,1,93,22.571428571428573,38.285714285714285,0.6916172604283181,-0.19780482159545165,0.4059850538203757,27.62177776434998,0.36051511403261116,1.4132192470078357,0.9283108681254156,8.553724810304804e-51,4.7980217459461364e-83,True,8.339881690047184e-50,1.799258154729801e-82,True,True,True,True,-1.0490003273024797
Paracentral_Lobule_L,24.9930791456695,1,93,22.571428571428573,38.285714285714285,0.6529290853903785,-0.1393266515960661,0.7334728802097882,27.17120018518485,0.47888558533472625,1.877231494512127,0.7740379840980987,1.2039614108615385e-28,1.1417490641956172e-71,True,2.1342952283454548e-28,2.5948842368082212e-71,True,True,True,True,-2.17812103951535
Paracentral_Lobule_R,25.2751438730175,1,93,22.571428571428573,38.285714285714285,0.6490090911005363,-0.1379027751752146,0.6716936501590285,27.60267348213478,0.4740777186242398,1.85838465700702,0.8038466730944992,2.2621528871685597e-31,1.214809855100248e-72,True,4.5243057743371195e-31,2.9390561010489867e-72,True,True,True,True,-2.3275296091172777
Heschl_L,-2.72625553796035,0,93,22.571428571428573,38.285714285714285,0.8573228302393096,-0.4348921537954552,0.1365701314987934,13.42921272118661,31.08069479853904,121.83632361027303,0.758709765117995,2.2122500493777665e-27,0.666731428008876,True,3.751206605466648e-27,0.6945119041759125,False,False,False,False,-16.15546825914696
Heschl_R,25.1944663434115,0,92,23.0,38.285714285714285,239.13826673520109,-238.79499361570032,0.047724013557109896,-138.8721121890908,0.0,0.0,0.5853285458371995,8.788537626124026e-17,,False,1.1237802210453673e-16,,False,False,False,False,164.06657853250232
Temporal_Sup_L,21.632404351322,0,93,22.571428571428573,38.285714285714285,0.7326175583719509,-0.24682736864940538,0.5228972322540927,26.758007044764476,0.3092484173765853,1.2122537961162143,0.9303855287212778,2.3178473911257483e-51,1.10149682781087e-87,True,2.582744235825834e-50,5.900875863272517e-87,True,True,False,False,-5.125602693442477
Temporal_Sup_R,24.6465410044287,1,93,22.571428571428573,38.285714285714285,0.7444784606634988,-0.25027583997374037,0.37965406204085395,24.987496930542527,0.5461991951705634,2.141100845068608,0.9050037587189556,2.328245295332976e-45,1.27288001171667e-63,True,1.2106875535731473e-44,2.2201395553197733e-63,True,True,True,True,-0.3409559261138284
Temporal_Pole_Sup_L,22.2565184117322,0,93,22.571428571428573,38.285714285714285,0.6309132458159884,-0.12352028779503685,0.39541800327036636,29.213842605377042,0.7321085237130996,2.8698654129553507,0.7249118564509922,7.391091845606461e-25,1.3936283515072693e-58,True,1.153010327914608e-24,2.0904425272609042e-58,True,True,False,False,-6.957324193644844
Temporal_Pole_Sup_R,21.437404528057,0,93,22.571428571428573,38.285714285714285,0.6318723354299829,-0.11814873557345584,0.6332718128644224,30.35515571297489,0.641162425925992,2.5133567096298886,0.7004087577503886,3.2397863521525795e-23,6.777767904726218e-65,True,4.859679528228869e-23,1.2708314821361659e-64,True,True,False,False,-8.91775118491789
Temporal_Mid_L,27.669392343402,1,93,22.571428571428573,38.285714285714285,0.8006851185109924,-0.2873325124951222,0.45778275639938665,27.753323669313357,0.31926245783772367,1.2515088347238768,0.934233590066163,1.849332487621916e-52,7.314859827525831e-88,True,2.404132233908491e-51,4.220111438957211e-87,True,True,True,True,-0.0839313259113581
Temporal_Mid_R,26.4548248472767,1,93,22.571428571428573,38.285714285714285,0.8121274243435,-0.3048847045496584,0.3796352937999721,27.186720143401477,0.3676908800082463,1.4413482496323253,0.9345041211395878,1.539622424794469e-52,1.085026831149973e-81,True,2.4018109826793716e-51,3.6989551061930893e-81,True,True,True,True,-0.731895296124776
Temporal_Pole_Mid_L,34.6993724577743,1,93,22.571428571428573,38.285714285714285,0.6746812742444823,-0.12971672692146238,0.8175709622333011,33.27535845106402,0.6237665530490286,2.4451648879521923,0.5640500068960628,5.182053070319796e-16,2.362145558768009e-69,True,6.415875229919748e-16,5.061740483074305e-69,True,True,True,True,1.42401400671028
Temporal_Pole_Mid_R,-791683.712751296,0,93,22.571428571428573,38.285714285714285,0.6788771584990735,-0.16840763321877364,0.8633465418403985,33.08175537916658,0.4566693542057942,1.7901438684867133,0.6954993600523941,6.655277335492732e-23,6.510609583856986e-81,True,9.613178373489502e-23,1.953182875157096e-80,True,True,False,False,-791716.7945066752
Temporal_Inf_L,29.7209898325554,1,93,22.571428571428573,38.285714285714285,0.6926132629374729,-0.20231763531014,0.4311611779206856,29.292409321146867,0.4929293609842325,1.9322830950581915,0.8428444269133151,1.2042151000259295e-35,2.0642539934363547e-73,True,2.935274306313203e-35,5.1606349835908867e-73,True,True,True,True,0.4285805114085335
Temporal_Inf_R,30.0306969512836,1,93,22.571428571428573,38.285714285714285,0.6917856617086019,-0.1751942415984753,0.5379503101212652,29.79371347083378,0.4581007634838649,1.7957549928567504,0.8337431626424002,1.46696864320897e-34,8.022709912745668e-77,True,3.365398652067637e-34,2.1489401551997326e-76,True,True,True,True,0.23698348044981898
